	Gilbertella_persicariavar.indica_CBS_442.64-.aa	Gilbertella_persicariavar.persicaria_CBS_246.59_Plus.aa
OG0006910	GBNTN_000016-T1	
OG0006911	GBNTN_000021-T1	
OG0006912	GBNTN_000022-T1	
OG0006913	GBNTN_000023-T1	
OG0006914	GBNTN_000025-T1	
OG0006915	GBNTN_000039-T1	
OG0006916	GBNTN_000048-T1	
OG0006917	GBNTN_000060-T1	
OG0006918	GBNTN_000075-T1	
OG0006919	GBNTN_000098-T1	
OG0006920	GBNTN_000104-T1	
OG0006921	GBNTN_000108-T1	
OG0006922	GBNTN_000112-T1	
OG0006923	GBNTN_000128-T1	
OG0006924	GBNTN_000129-T1	
OG0006925	GBNTN_000130-T1	
OG0006926	GBNTN_000131-T1	
OG0006927	GBNTN_000135-T1	
OG0006928	GBNTN_000141-T1	
OG0006929	GBNTN_000145-T1	
OG0006930	GBNTN_000146-T1	
OG0006931	GBNTN_000155-T1	
OG0006932	GBNTN_000156-T1	
OG0006933	GBNTN_000160-T1	
OG0006934	GBNTN_000174-T1	
OG0006935	GBNTN_000185-T1	
OG0006936	GBNTN_000186-T1	
OG0006937	GBNTN_000187-T1	
OG0006938	GBNTN_000190-T1	
OG0006939	GBNTN_000192-T1	
OG0006940	GBNTN_000194-T1	
OG0006941	GBNTN_000195-T1	
OG0006942	GBNTN_000197-T1	
OG0006943	GBNTN_000218-T1	
OG0006944	GBNTN_000219-T1	
OG0006945	GBNTN_000220-T1	
OG0006946	GBNTN_000223-T1	
OG0006947	GBNTN_000226-T1	
OG0006948	GBNTN_000236-T1	
OG0006949	GBNTN_000247-T1	
OG0006950	GBNTN_000257-T1	
OG0006951	GBNTN_000272-T1	
OG0006952	GBNTN_000275-T1	
OG0006953	GBNTN_000276-T1	
OG0006954	GBNTN_000278-T1	
OG0006955	GBNTN_000280-T1	
OG0006956	GBNTN_000282-T1	
OG0006957	GBNTN_000288-T1	
OG0006958	GBNTN_000307-T1	
OG0006959	GBNTN_000310-T1	
OG0006960	GBNTN_000311-T1	
OG0006961	GBNTN_000312-T1	
OG0006962	GBNTN_000313-T1	
OG0006963	GBNTN_000314-T1	
OG0006964	GBNTN_000317-T1	
OG0006965	GBNTN_000318-T1	
OG0006966	GBNTN_000322-T1	
OG0006967	GBNTN_000334-T1	
OG0006968	GBNTN_000340-T1	
OG0006969	GBNTN_000341-T1	
OG0006970	GBNTN_000356-T1	
OG0006971	GBNTN_000357-T1	
OG0006972	GBNTN_000358-T1	
OG0006973	GBNTN_000359-T1	
OG0006974	GBNTN_000361-T1	
OG0006975	GBNTN_000363-T1	
OG0006976	GBNTN_000364-T1	
OG0006977	GBNTN_000381-T1	
OG0006978	GBNTN_000383-T1	
OG0006979	GBNTN_000387-T1	
OG0006980	GBNTN_000388-T1	
OG0006981	GBNTN_000390-T1	
OG0006982	GBNTN_000396-T1	
OG0006983	GBNTN_000410-T1	
OG0006984	GBNTN_000421-T1	
OG0006985	GBNTN_000433-T1	
OG0006986	GBNTN_000434-T1	
OG0006987	GBNTN_000435-T1	
OG0006988	GBNTN_000438-T1	
OG0006989	GBNTN_000449-T1	
OG0006990	GBNTN_000453-T1	
OG0006991	GBNTN_000458-T1	
OG0006992	GBNTN_000459-T1	
OG0006993	GBNTN_000464-T1	
OG0006994	GBNTN_000480-T1	
OG0006995	GBNTN_000483-T1	
OG0006996	GBNTN_000484-T1	
OG0006997	GBNTN_000487-T1	
OG0006998	GBNTN_000488-T1	
OG0006999	GBNTN_000489-T1	
OG0007000	GBNTN_000490-T1	
OG0007001	GBNTN_000501-T1	
OG0007002	GBNTN_000510-T1	
OG0007003	GBNTN_000511-T1	
OG0007004	GBNTN_000512-T1	
OG0007005	GBNTN_000513-T1	
OG0007006	GBNTN_000514-T1	
OG0007007	GBNTN_000515-T1	
OG0007008	GBNTN_000516-T1	
OG0007009	GBNTN_000517-T1	
OG0007010	GBNTN_000529-T1	
OG0007011	GBNTN_000535-T1	
OG0007012	GBNTN_000542-T1	
OG0007013	GBNTN_000558-T1	
OG0007014	GBNTN_000560-T1	
OG0007015	GBNTN_000579-T1	
OG0007016	GBNTN_000580-T1	
OG0007017	GBNTN_000581-T1	
OG0007018	GBNTN_000582-T1	
OG0007019	GBNTN_000583-T1	
OG0007020	GBNTN_000584-T1	
OG0007021	GBNTN_000589-T1	
OG0007022	GBNTN_000597-T1	
OG0007023	GBNTN_000602-T1	
OG0007024	GBNTN_000604-T1	
OG0007025	GBNTN_000608-T1	
OG0007026	GBNTN_000617-T1	
OG0007027	GBNTN_000621-T1	
OG0007028	GBNTN_000622-T1	
OG0007029	GBNTN_000626-T1	
OG0007030	GBNTN_000630-T1	
OG0007031	GBNTN_000631-T1	
OG0007032	GBNTN_000642-T1	
OG0007033	GBNTN_000651-T1	
OG0007034	GBNTN_000653-T1	
OG0007035	GBNTN_000654-T1	
OG0007036	GBNTN_000656-T1	
OG0007037	GBNTN_000657-T1	
OG0007038	GBNTN_000662-T1	
OG0007039	GBNTN_000676-T1	
OG0007040	GBNTN_000678-T1	
OG0007041	GBNTN_000680-T1	
OG0007042	GBNTN_000683-T1	
OG0007043	GBNTN_000696-T1	
OG0007044	GBNTN_000710-T1	
OG0007045	GBNTN_000729-T1	
OG0007046	GBNTN_000739-T1	
OG0007047	GBNTN_000740-T1	
OG0007048	GBNTN_000741-T1	
OG0007049	GBNTN_000743-T1	
OG0007050	GBNTN_000745-T1	
OG0007051	GBNTN_000749-T1	
OG0007052	GBNTN_000755-T1	
OG0007053	GBNTN_000756-T1	
OG0007054	GBNTN_000770-T1	
OG0007055	GBNTN_000772-T1	
OG0007056	GBNTN_000773-T1	
OG0007057	GBNTN_000774-T1	
OG0007058	GBNTN_000775-T1	
OG0007059	GBNTN_000779-T1	
OG0007060	GBNTN_000781-T1	
OG0007061	GBNTN_000783-T1	
OG0007062	GBNTN_000786-T1	
OG0007063	GBNTN_000787-T1	
OG0007064	GBNTN_000788-T1	
OG0007065	GBNTN_000791-T1	
OG0007066	GBNTN_000793-T1	
OG0007067	GBNTN_000794-T1	
OG0007068	GBNTN_000810-T1	
OG0007069	GBNTN_000821-T1	
OG0007070	GBNTN_000822-T1	
OG0007071	GBNTN_000831-T1	
OG0007072	GBNTN_000832-T1	
OG0007073	GBNTN_000839-T1	
OG0007074	GBNTN_000845-T1	
OG0007075	GBNTN_000847-T1	
OG0007076	GBNTN_000861-T1	
OG0007077	GBNTN_000862-T1	
OG0007078	GBNTN_000864-T1	
OG0007079	GBNTN_000866-T1	
OG0007080	GBNTN_000874-T1	
OG0007081	GBNTN_000875-T1	
OG0007082	GBNTN_000876-T1	
OG0007083	GBNTN_000877-T1	
OG0007084	GBNTN_000902-T1	
OG0007085	GBNTN_000903-T1	
OG0007086	GBNTN_000904-T1	
OG0007087	GBNTN_000905-T1	
OG0007088	GBNTN_000906-T1	
OG0007089	GBNTN_000907-T1	
OG0007090	GBNTN_000924-T1	
OG0007091	GBNTN_000926-T1	
OG0007092	GBNTN_000943-T1	
OG0007093	GBNTN_000964-T1	
OG0007094	GBNTN_000965-T1	
OG0007095	GBNTN_000966-T1	
OG0007096	GBNTN_000968-T1	
OG0007097	GBNTN_000970-T1	
OG0007098	GBNTN_000979-T1	
OG0007099	GBNTN_000988-T1	
OG0007100	GBNTN_000990-T1	
OG0007101	GBNTN_000994-T1	
OG0007102	GBNTN_000995-T1	
OG0007103	GBNTN_000996-T1	
OG0007104	GBNTN_001003-T1	
OG0007105	GBNTN_001021-T1	
OG0007106	GBNTN_001022-T1	
OG0007107	GBNTN_001023-T1	
OG0007108	GBNTN_001026-T1	
OG0007109	GBNTN_001043-T1	
OG0007110	GBNTN_001047-T1	
OG0007111	GBNTN_001048-T1	
OG0007112	GBNTN_001049-T1	
OG0007113	GBNTN_001050-T1	
OG0007114	GBNTN_001070-T1	
OG0007115	GBNTN_001071-T1	
OG0007116	GBNTN_001085-T1	
OG0007117	GBNTN_001087-T1	
OG0007118	GBNTN_001093-T1	
OG0007119	GBNTN_001098-T1	
OG0007120	GBNTN_001104-T1	
OG0007121	GBNTN_001117-T1	
OG0007122	GBNTN_001121-T1	
OG0007123	GBNTN_001122-T1	
OG0007124	GBNTN_001123-T1	
OG0007125	GBNTN_001124-T1	
OG0007126	GBNTN_001136-T1	
OG0007127	GBNTN_001141-T1	
OG0007128	GBNTN_001147-T1	
OG0007129	GBNTN_001161-T1	
OG0007130	GBNTN_001162-T1	
OG0007131	GBNTN_001168-T1	
OG0007132	GBNTN_001176-T1	
OG0007133	GBNTN_001179-T1	
OG0007134	GBNTN_001180-T1	
OG0007135	GBNTN_001187-T1	
OG0007136	GBNTN_001199-T1	
OG0007137	GBNTN_001205-T1	
OG0007138	GBNTN_001209-T1	
OG0007139	GBNTN_001224-T1	
OG0007140	GBNTN_001227-T1	
OG0007141	GBNTN_001228-T1	
OG0007142	GBNTN_001232-T1	
OG0007143	GBNTN_001261-T1	
OG0007144	GBNTN_001273-T1	
OG0007145	GBNTN_001290-T1	
OG0007146	GBNTN_001292-T1	
OG0007147	GBNTN_001293-T1	
OG0007148	GBNTN_001309-T1	
OG0007149	GBNTN_001310-T1	
OG0007150	GBNTN_001311-T1	
OG0007151	GBNTN_001317-T1	
OG0007152	GBNTN_001329-T1	
OG0007153	GBNTN_001331-T1	
OG0007154	GBNTN_001332-T1	
OG0007155	GBNTN_001355-T1	
OG0007156	GBNTN_001356-T1	
OG0007157	GBNTN_001357-T1	
OG0007158	GBNTN_001359-T1	
OG0007159	GBNTN_001377-T1	
OG0007160	GBNTN_001379-T1	
OG0007161	GBNTN_001394-T1	
OG0007162	GBNTN_001404-T1	
OG0007163	GBNTN_001405-T1	
OG0007164	GBNTN_001418-T1	
OG0007165	GBNTN_001419-T1	
OG0007166	GBNTN_001420-T1	
OG0007167	GBNTN_001427-T1	
OG0007168	GBNTN_001430-T1	
OG0007169	GBNTN_001431-T1	
OG0007170	GBNTN_001436-T1	
OG0007171	GBNTN_001438-T1	
OG0007172	GBNTN_001443-T1	
OG0007173	GBNTN_001459-T1	
OG0007174	GBNTN_001468-T1	
OG0007175	GBNTN_001474-T1	
OG0007176	GBNTN_001476-T1	
OG0007177	GBNTN_001477-T1	
OG0007178	GBNTN_001478-T1	
OG0007179	GBNTN_001484-T1	
OG0007180	GBNTN_001488-T1	
OG0007181	GBNTN_001496-T1	
OG0007182	GBNTN_001499-T1	
OG0007183	GBNTN_001500-T1	
OG0007184	GBNTN_001501-T1	
OG0007185	GBNTN_001536-T1	
OG0007186	GBNTN_001557-T1	
OG0007187	GBNTN_001559-T1	
OG0007188	GBNTN_001562-T1	
OG0007189	GBNTN_001568-T1	
OG0007190	GBNTN_001572-T1	
OG0007191	GBNTN_001581-T1	
OG0007192	GBNTN_001582-T1	
OG0007193	GBNTN_001589-T1	
OG0007194	GBNTN_001598-T1	
OG0007195	GBNTN_001600-T1	
OG0007196	GBNTN_001601-T1	
OG0007197	GBNTN_001604-T1	
OG0007198	GBNTN_001606-T1	
OG0007199	GBNTN_001619-T1	
OG0007200	GBNTN_001630-T1	
OG0007201	GBNTN_001633-T1	
OG0007202	GBNTN_001659-T1	
OG0007203	GBNTN_001661-T1	
OG0007204	GBNTN_001662-T1	
OG0007205	GBNTN_001664-T1	
OG0007206	GBNTN_001666-T1	
OG0007207	GBNTN_001674-T1	
OG0007208	GBNTN_001681-T1	
OG0007209	GBNTN_001684-T1	
OG0007210	GBNTN_001686-T1	
OG0007211	GBNTN_001687-T1	
OG0007212	GBNTN_001694-T1	
OG0007213	GBNTN_001696-T1	
OG0007214	GBNTN_001699-T1	
OG0007215	GBNTN_001704-T1	
OG0007216	GBNTN_001710-T1	
OG0007217	GBNTN_001717-T1	
OG0007218	GBNTN_001722-T1	
OG0007219	GBNTN_001724-T1	
OG0007220	GBNTN_001725-T1	
OG0007221	GBNTN_001726-T1	
OG0007222	GBNTN_001728-T1	
OG0007223	GBNTN_001729-T1	
OG0007224	GBNTN_001731-T1	
OG0007225	GBNTN_001732-T1	
OG0007226	GBNTN_001748-T1	
OG0007227	GBNTN_001750-T1	
OG0007228	GBNTN_001752-T1	
OG0007229	GBNTN_001756-T1	
OG0007230	GBNTN_001757-T1	
OG0007231	GBNTN_001779-T1	
OG0007232	GBNTN_001780-T1	
OG0007233	GBNTN_001781-T1	
OG0007234	GBNTN_001783-T1	
OG0007235	GBNTN_001794-T1	
OG0007236	GBNTN_001795-T1	
OG0007237	GBNTN_001808-T1	
OG0007238	GBNTN_001836-T1	
OG0007239	GBNTN_001839-T1	
OG0007240	GBNTN_001840-T1	
OG0007241	GBNTN_001845-T1	
OG0007242	GBNTN_001856-T1	
OG0007243	GBNTN_001860-T1	
OG0007244	GBNTN_001861-T1	
OG0007245	GBNTN_001869-T1	
OG0007246	GBNTN_001876-T1	
OG0007247	GBNTN_001878-T1	
OG0007248	GBNTN_001883-T1	
OG0007249	GBNTN_001897-T1	
OG0007250	GBNTN_001899-T1	
OG0007251	GBNTN_001900-T1	
OG0007252	GBNTN_001901-T1	
OG0007253	GBNTN_001910-T1	
OG0007254	GBNTN_001915-T1	
OG0007255	GBNTN_001920-T1	
OG0007256	GBNTN_001921-T1	
OG0007257	GBNTN_001922-T1	
OG0007258	GBNTN_001923-T1	
OG0007259	GBNTN_001942-T1	
OG0007260	GBNTN_001943-T1	
OG0007261	GBNTN_001944-T1	
OG0007262	GBNTN_001945-T1	
OG0007263	GBNTN_001960-T1	
OG0007264	GBNTN_001962-T1	
OG0007265	GBNTN_001963-T1	
OG0007266	GBNTN_001964-T1	
OG0007267	GBNTN_001966-T1	
OG0007268	GBNTN_001974-T1	
OG0007269	GBNTN_001975-T1	
OG0007270	GBNTN_001985-T1	
OG0007271	GBNTN_001986-T1	
OG0007272	GBNTN_001999-T1	
OG0007273	GBNTN_002000-T1	
OG0007274	GBNTN_002015-T1	
OG0007275	GBNTN_002016-T1	
OG0007276	GBNTN_002019-T1	
OG0007277	GBNTN_002022-T1	
OG0007278	GBNTN_002027-T1	
OG0007279	GBNTN_002034-T1	
OG0007280	GBNTN_002040-T1	
OG0007281	GBNTN_002050-T1	
OG0007282	GBNTN_002062-T1	
OG0007283	GBNTN_002066-T1	
OG0007284	GBNTN_002068-T1	
OG0007285	GBNTN_002093-T1	
OG0007286	GBNTN_002094-T1	
OG0007287	GBNTN_002106-T1	
OG0007288	GBNTN_002108-T1	
OG0007289	GBNTN_002129-T1	
OG0007290	GBNTN_002130-T1	
OG0007291	GBNTN_002140-T1	
OG0007292	GBNTN_002145-T1	
OG0007293	GBNTN_002148-T1	
OG0007294	GBNTN_002152-T1	
OG0007295	GBNTN_002153-T1	
OG0007296	GBNTN_002155-T1	
OG0007297	GBNTN_002159-T1	
OG0007298	GBNTN_002181-T1	
OG0007299	GBNTN_002194-T1	
OG0007300	GBNTN_002195-T1	
OG0007301	GBNTN_002196-T1	
OG0007302	GBNTN_002197-T1	
OG0007303	GBNTN_002199-T1	
OG0007304	GBNTN_002215-T1	
OG0007305	GBNTN_002225-T1	
OG0007306	GBNTN_002226-T1	
OG0007307	GBNTN_002247-T1	
OG0007308	GBNTN_002267-T1	
OG0007309	GBNTN_002279-T1	
OG0007310	GBNTN_002280-T1	
OG0007311	GBNTN_002281-T1	
OG0007312	GBNTN_002297-T1	
OG0007313	GBNTN_002299-T1	
OG0007314	GBNTN_002304-T1	
OG0007315	GBNTN_002308-T1	
OG0007316	GBNTN_002322-T1	
OG0007317	GBNTN_002323-T1	
OG0007318	GBNTN_002324-T1	
OG0007319	GBNTN_002326-T1	
OG0007320	GBNTN_002333-T1	
OG0007321	GBNTN_002342-T1	
OG0007322	GBNTN_002353-T1	
OG0007323	GBNTN_002374-T1	
OG0007324	GBNTN_002383-T1	
OG0007325	GBNTN_002386-T1	
OG0007326	GBNTN_002394-T1	
OG0007327	GBNTN_002398-T1	
OG0007328	GBNTN_002403-T1	
OG0007329	GBNTN_002418-T1	
OG0007330	GBNTN_002426-T1	
OG0007331	GBNTN_002427-T1	
OG0007332	GBNTN_002435-T1	
OG0007333	GBNTN_002447-T1	
OG0007334	GBNTN_002448-T1	
OG0007335	GBNTN_002479-T1	
OG0007336	GBNTN_002486-T1	
OG0007337	GBNTN_002505-T1	
OG0007338	GBNTN_002508-T1	
OG0007339	GBNTN_002522-T1	
OG0007340	GBNTN_002523-T1	
OG0007341	GBNTN_002527-T1	
OG0007342	GBNTN_002528-T1	
OG0007343	GBNTN_002529-T1	
OG0007344	GBNTN_002531-T1	
OG0007345	GBNTN_002547-T1	
OG0007346	GBNTN_002581-T1	
OG0007347	GBNTN_002594-T1	
OG0007348	GBNTN_002622-T1	
OG0007349	GBNTN_002627-T1	
OG0007350	GBNTN_002631-T1	
OG0007351	GBNTN_002636-T1	
OG0007352	GBNTN_002649-T1	
OG0007353	GBNTN_002670-T1	
OG0007354	GBNTN_002675-T1	
OG0007355	GBNTN_002676-T1	
OG0007356	GBNTN_002677-T1	
OG0007357	GBNTN_002689-T1	
OG0007358	GBNTN_002691-T1	
OG0007359	GBNTN_002693-T1	
OG0007360	GBNTN_002698-T1	
OG0007361	GBNTN_002715-T1	
OG0007362	GBNTN_002725-T1	
OG0007363	GBNTN_002726-T1	
OG0007364	GBNTN_002735-T1	
OG0007365	GBNTN_002737-T1	
OG0007366	GBNTN_002741-T1	
OG0007367	GBNTN_002753-T1	
OG0007368	GBNTN_002756-T1	
OG0007369	GBNTN_002780-T1	
OG0007370	GBNTN_002793-T1	
OG0007371	GBNTN_002806-T1	
OG0007372	GBNTN_002807-T1	
OG0007373	GBNTN_002808-T1	
OG0007374	GBNTN_002811-T1	
OG0007375	GBNTN_002818-T1	
OG0007376	GBNTN_002819-T1	
OG0007377	GBNTN_002825-T1	
OG0007378	GBNTN_002835-T1	
OG0007379	GBNTN_002836-T1	
OG0007380	GBNTN_002840-T1	
OG0007381	GBNTN_002841-T1	
OG0007382	GBNTN_002848-T1	
OG0007383	GBNTN_002853-T1	
OG0007384	GBNTN_002856-T1	
OG0007385	GBNTN_002862-T1	
OG0007386	GBNTN_002872-T1	
OG0007387	GBNTN_002873-T1	
OG0007388	GBNTN_002876-T1	
OG0007389	GBNTN_002882-T1	
OG0007390	GBNTN_002884-T1	
OG0007391	GBNTN_002889-T1	
OG0007392	GBNTN_002894-T1	
OG0007393	GBNTN_002899-T1	
OG0007394	GBNTN_002902-T1	
OG0007395	GBNTN_002903-T1	
OG0007396	GBNTN_002907-T1	
OG0007397	GBNTN_002916-T1	
OG0007398	GBNTN_002929-T1	
OG0007399	GBNTN_002931-T1	
OG0007400	GBNTN_002948-T1	
OG0007401	GBNTN_002950-T1	
OG0007402	GBNTN_002963-T1	
OG0007403	GBNTN_002968-T1	
OG0007404	GBNTN_002974-T1	
OG0007405	GBNTN_002979-T1	
OG0007406	GBNTN_002988-T1	
OG0007407	GBNTN_002996-T1	
OG0007408	GBNTN_003003-T1	
OG0007409	GBNTN_003035-T1	
OG0007410	GBNTN_003045-T1	
OG0007411	GBNTN_003061-T1	
OG0007412	GBNTN_003072-T1	
OG0007413	GBNTN_003077-T1	
OG0007414	GBNTN_003078-T1	
OG0007415	GBNTN_003088-T1	
OG0007416	GBNTN_003096-T1	
OG0007417	GBNTN_003099-T1	
OG0007418	GBNTN_003100-T1	
OG0007419	GBNTN_003101-T1	
OG0007420	GBNTN_003107-T1	
OG0007421	GBNTN_003110-T1	
OG0007422	GBNTN_003133-T1	
OG0007423	GBNTN_003135-T1	
OG0007424	GBNTN_003142-T1	
OG0007425	GBNTN_003146-T1	
OG0007426	GBNTN_003148-T1	
OG0007427	GBNTN_003157-T1	
OG0007428	GBNTN_003173-T1	
OG0007429	GBNTN_003181-T1	
OG0007430	GBNTN_003187-T1	
OG0007431	GBNTN_003189-T1	
OG0007432	GBNTN_003192-T1	
OG0007433	GBNTN_003199-T1	
OG0007434	GBNTN_003230-T1	
OG0007435	GBNTN_003233-T1	
OG0007436	GBNTN_003236-T1	
OG0007437	GBNTN_003251-T1	
OG0007438	GBNTN_003256-T1	
OG0007439	GBNTN_003272-T1	
OG0007440	GBNTN_003285-T1	
OG0007441	GBNTN_003289-T1	
OG0007442	GBNTN_003293-T1	
OG0007443	GBNTN_003306-T1	
OG0007444	GBNTN_003313-T1	
OG0007445	GBNTN_003330-T1	
OG0007446	GBNTN_003340-T1	
OG0007447	GBNTN_003361-T1	
OG0007448	GBNTN_003363-T1	
OG0007449	GBNTN_003364-T1	
OG0007450	GBNTN_003369-T1	
OG0007451	GBNTN_003384-T1	
OG0007452	GBNTN_003393-T1	
OG0007453	GBNTN_003402-T1	
OG0007454	GBNTN_003403-T1	
OG0007455	GBNTN_003424-T1	
OG0007456	GBNTN_003425-T1	
OG0007457	GBNTN_003438-T1	
OG0007458	GBNTN_003440-T1	
OG0007459	GBNTN_003443-T1	
OG0007460	GBNTN_003449-T1	
OG0007461	GBNTN_003463-T1	
OG0007462	GBNTN_003478-T1	
OG0007463	GBNTN_003503-T1	
OG0007464	GBNTN_003513-T1	
OG0007465	GBNTN_003525-T1	
OG0007466	GBNTN_003537-T1	
OG0007467	GBNTN_003588-T1	
OG0007468	GBNTN_003606-T1	
OG0007469	GBNTN_003607-T1	
OG0007470	GBNTN_003619-T1	
OG0007471	GBNTN_003636-T1	
OG0007472	GBNTN_003659-T1	
OG0007473	GBNTN_003664-T1	
OG0007474	GBNTN_003670-T1	
OG0007475	GBNTN_003676-T1	
OG0007476	GBNTN_003682-T1	
OG0007477	GBNTN_003699-T1	
OG0007478	GBNTN_003727-T1	
OG0007479	GBNTN_003747-T1	
OG0007480	GBNTN_003756-T1	
OG0007481	GBNTN_003766-T1	
OG0007482	GBNTN_003769-T1	
OG0007483	GBNTN_003773-T1	
OG0007484	GBNTN_003789-T1	
OG0007485	GBNTN_003791-T1	
OG0007486	GBNTN_003806-T1	
OG0007487	GBNTN_003810-T1	
OG0007488	GBNTN_003813-T1	
OG0007489	GBNTN_003824-T1	
OG0007490	GBNTN_003830-T1	
OG0007491	GBNTN_003849-T1	
OG0007492	GBNTN_003859-T1	
OG0007493	GBNTN_003873-T1	
OG0007494	GBNTN_003892-T1	
OG0007495	GBNTN_003908-T1	
OG0007496	GBNTN_003914-T1	
OG0007497	GBNTN_003922-T1	
OG0007498	GBNTN_003927-T1	
OG0007499	GBNTN_003945-T1	
OG0007500	GBNTN_003948-T1	
OG0007501	GBNTN_003949-T1	
OG0007502	GBNTN_003960-T1	
OG0007503	GBNTN_003962-T1	
OG0007504	GBNTN_003976-T1	
OG0007505	GBNTN_003980-T1	
OG0007506	GBNTN_003984-T1	
OG0007507	GBNTN_004014-T1	
OG0007508	GBNTN_004015-T1	
OG0007509	GBNTN_004018-T1	
OG0007510	GBNTN_004019-T1	
OG0007511	GBNTN_004033-T1	
OG0007512	GBNTN_004043-T1	
OG0007513	GBNTN_004044-T1	
OG0007514	GBNTN_004047-T1	
OG0007515	GBNTN_004063-T1	
OG0007516	GBNTN_004065-T1	
OG0007517	GBNTN_004066-T1	
OG0007518	GBNTN_004071-T1	
OG0007519	GBNTN_004089-T1	
OG0007520	GBNTN_004092-T1	
OG0007521	GBNTN_004095-T1	
OG0007522	GBNTN_004100-T1	
OG0007523	GBNTN_004102-T1	
OG0007524	GBNTN_004106-T1	
OG0007525	GBNTN_004108-T1	
OG0007526	GBNTN_004111-T1	
OG0007527	GBNTN_004122-T1	
OG0007528	GBNTN_004126-T1	
OG0007529	GBNTN_004138-T1	
OG0007530	GBNTN_004168-T1	
OG0007531	GBNTN_004170-T1	
OG0007532	GBNTN_004203-T1	
OG0007533	GBNTN_004205-T1	
OG0007534	GBNTN_004211-T1	
OG0007535	GBNTN_004213-T1	
OG0007536	GBNTN_004231-T1	
OG0007537	GBNTN_004232-T1	
OG0007538	GBNTN_004252-T1	
OG0007539	GBNTN_004269-T1	
OG0007540	GBNTN_004297-T1	
OG0007541	GBNTN_004306-T1	
OG0007542	GBNTN_004316-T1	
OG0007543	GBNTN_004318-T1	
OG0007544	GBNTN_004328-T1	
OG0007545	GBNTN_004335-T1	
OG0007546	GBNTN_004339-T1	
OG0007547	GBNTN_004345-T1	
OG0007548	GBNTN_004350-T1	
OG0007549	GBNTN_004382-T1	
OG0007550	GBNTN_004396-T1	
OG0007551	GBNTN_004408-T1	
OG0007552	GBNTN_004415-T1	
OG0007553	GBNTN_004416-T1	
OG0007554	GBNTN_004419-T1	
OG0007555	GBNTN_004429-T1	
OG0007556	GBNTN_004432-T1	
OG0007557	GBNTN_004446-T1	
OG0007558	GBNTN_004447-T1	
OG0007559	GBNTN_004456-T1	
OG0007560	GBNTN_004462-T1	
OG0007561	GBNTN_004464-T1	
OG0007562	GBNTN_004473-T1	
OG0007563	GBNTN_004476-T1	
OG0007564	GBNTN_004487-T1	
OG0007565	GBNTN_004495-T1	
OG0007566	GBNTN_004501-T1	
OG0007567	GBNTN_004503-T1	
OG0007568	GBNTN_004504-T1	
OG0007569	GBNTN_004509-T1	
OG0007570	GBNTN_004527-T1	
OG0007571	GBNTN_004532-T1	
OG0007572	GBNTN_004542-T1	
OG0007573	GBNTN_004581-T1	
OG0007574	GBNTN_004595-T1	
OG0007575	GBNTN_004596-T1	
OG0007576	GBNTN_004597-T1	
OG0007577	GBNTN_004604-T1	
OG0007578	GBNTN_004620-T1	
OG0007579	GBNTN_004625-T1	
OG0007580	GBNTN_004627-T1	
OG0007581	GBNTN_004631-T1	
OG0007582	GBNTN_004632-T1	
OG0007583	GBNTN_004641-T1	
OG0007584	GBNTN_004645-T1	
OG0007585	GBNTN_004653-T1	
OG0007586	GBNTN_004665-T1	
OG0007587	GBNTN_004670-T1	
OG0007588	GBNTN_004681-T1	
OG0007589	GBNTN_004687-T1	
OG0007590	GBNTN_004688-T1	
OG0007591	GBNTN_004694-T1	
OG0007592	GBNTN_004705-T1	
OG0007593	GBNTN_004707-T1	
OG0007594	GBNTN_004710-T1	
OG0007595	GBNTN_004716-T1	
OG0007596	GBNTN_004719-T1	
OG0007597	GBNTN_004732-T1	
OG0007598	GBNTN_004736-T1	
OG0007599	GBNTN_004751-T1	
OG0007600	GBNTN_004758-T1	
OG0007601	GBNTN_004760-T1	
OG0007602	GBNTN_004761-T1	
OG0007603	GBNTN_004763-T1	
OG0007604	GBNTN_004764-T1	
OG0007605	GBNTN_004772-T1	
OG0007606	GBNTN_004782-T1	
OG0007607	GBNTN_004783-T1	
OG0007608	GBNTN_004787-T1	
OG0007609	GBNTN_004796-T1	
OG0007610	GBNTN_004814-T1	
OG0007611	GBNTN_004820-T1	
OG0007612	GBNTN_004827-T1	
OG0007613	GBNTN_004828-T1	
OG0007614	GBNTN_004835-T1	
OG0007615	GBNTN_004859-T1	
OG0007616	GBNTN_004866-T1	
OG0007617	GBNTN_004874-T1	
OG0007618	GBNTN_004875-T1	
OG0007619	GBNTN_004887-T1	
OG0007620	GBNTN_004920-T1	
OG0007621	GBNTN_004972-T1	
OG0007622	GBNTN_004978-T1	
OG0007623	GBNTN_004980-T1	
OG0007624	GBNTN_004997-T1	
OG0007625	GBNTN_005005-T1	
OG0007626	GBNTN_005012-T1	
OG0007627	GBNTN_005013-T1	
OG0007628	GBNTN_005025-T1	
OG0007629	GBNTN_005048-T1	
OG0007630	GBNTN_005059-T1	
OG0007631	GBNTN_005064-T1	
OG0007632	GBNTN_005074-T1	
OG0007633	GBNTN_005087-T1	
OG0007634	GBNTN_005127-T1	
OG0007635	GBNTN_005137-T1	
OG0007636	GBNTN_005142-T1	
OG0007637	GBNTN_005144-T1	
OG0007638	GBNTN_005146-T1	
OG0007639	GBNTN_005150-T1	
OG0007640	GBNTN_005152-T1	
OG0007641	GBNTN_005161-T1	
OG0007642	GBNTN_005163-T1	
OG0007643	GBNTN_005197-T1	
OG0007644	GBNTN_005205-T1	
OG0007645	GBNTN_005212-T1	
OG0007646	GBNTN_005223-T1	
OG0007647	GBNTN_005232-T1	
OG0007648	GBNTN_005263-T1	
OG0007649	GBNTN_005268-T1	
OG0007650	GBNTN_005280-T1	
OG0007651	GBNTN_005281-T1	
OG0007652	GBNTN_005283-T1	
OG0007653	GBNTN_005288-T1	
OG0007654	GBNTN_005315-T1	
OG0007655	GBNTN_005319-T1	
OG0007656	GBNTN_005324-T1	
OG0007657	GBNTN_005329-T1	
OG0007658	GBNTN_005345-T1	
OG0007659	GBNTN_005347-T1	
OG0007660	GBNTN_005349-T1	
OG0007661	GBNTN_005353-T1	
OG0007662	GBNTN_005355-T1	
OG0007663	GBNTN_005362-T1	
OG0007664	GBNTN_005371-T1	
OG0007665	GBNTN_005372-T1	
OG0007666	GBNTN_005377-T1	
OG0007667	GBNTN_005384-T1	
OG0007668	GBNTN_005391-T1	
OG0007669	GBNTN_005431-T1	
OG0007670	GBNTN_005433-T1	
OG0007671	GBNTN_005452-T1	
OG0007672	GBNTN_005461-T1	
OG0007673	GBNTN_005468-T1	
OG0007674	GBNTN_005477-T1	
OG0007675	GBNTN_005481-T1	
OG0007676	GBNTN_005509-T1	
OG0007677	GBNTN_005513-T1	
OG0007678	GBNTN_005514-T1	
OG0007679	GBNTN_005516-T1	
OG0007680	GBNTN_005531-T1	
OG0007681	GBNTN_005532-T1	
OG0007682	GBNTN_005538-T1	
OG0007683	GBNTN_005559-T1	
OG0007684	GBNTN_005565-T1	
OG0007685	GBNTN_005572-T1	
OG0007686	GBNTN_005577-T1	
OG0007687	GBNTN_005603-T1	
OG0007688	GBNTN_005616-T1	
OG0007689	GBNTN_005619-T1	
OG0007690	GBNTN_005643-T1	
OG0007691	GBNTN_005649-T1	
OG0007692	GBNTN_005650-T1	
OG0007693	GBNTN_005684-T1	
OG0007694	GBNTN_005685-T1	
OG0007695	GBNTN_005694-T1	
OG0007696	GBNTN_005700-T1	
OG0007697	GBNTN_005705-T1	
OG0007698	GBNTN_005717-T1	
OG0007699	GBNTN_005722-T1	
OG0007700	GBNTN_005729-T1	
OG0007701	GBNTN_005730-T1	
OG0007702	GBNTN_005731-T1	
OG0007703	GBNTN_005740-T1	
OG0007704	GBNTN_005755-T1	
OG0007705	GBNTN_005768-T1	
OG0007706	GBNTN_005777-T1	
OG0007707	GBNTN_005778-T1	
OG0007708	GBNTN_005779-T1	
OG0007709	GBNTN_005785-T1	
OG0007710	GBNTN_005794-T1	
OG0007711	GBNTN_005805-T1	
OG0007712	GBNTN_005809-T1	
OG0007713	GBNTN_005814-T1	
OG0007714	GBNTN_005818-T1	
OG0007715	GBNTN_005819-T1	
OG0007716	GBNTN_005821-T1	
OG0007717	GBNTN_005826-T1	
OG0007718	GBNTN_005828-T1	
OG0007719	GBNTN_005846-T1	
OG0007720	GBNTN_005855-T1	
OG0007721	GBNTN_005861-T1	
OG0007722	GBNTN_005863-T1	
OG0007723	GBNTN_005867-T1	
OG0007724	GBNTN_005869-T1	
OG0007725	GBNTN_005875-T1	
OG0007726	GBNTN_005888-T1	
OG0007727	GBNTN_005903-T1	
OG0007728	GBNTN_005934-T1	
OG0007729	GBNTN_005942-T1	
OG0007730	GBNTN_005958-T1	
OG0007731	GBNTN_005971-T1	
OG0007732	GBNTN_005977-T1	
OG0007733	GBNTN_005981-T1	
OG0007734	GBNTN_005988-T1	
OG0007735	GBNTN_005990-T1	
OG0007736	GBNTN_006008-T1	
OG0007737	GBNTN_006011-T1	
OG0007738	GBNTN_006017-T1	
OG0007739	GBNTN_006032-T1	
OG0007740	GBNTN_006035-T1	
OG0007741	GBNTN_006037-T1	
OG0007742	GBNTN_006040-T1	
OG0007743	GBNTN_006042-T1	
OG0007744	GBNTN_006050-T1	
OG0007745	GBNTN_006077-T1	
OG0007746	GBNTN_006078-T1	
OG0007747	GBNTN_006083-T1	
OG0007748	GBNTN_006084-T1	
OG0007749	GBNTN_006092-T1	
OG0007750	GBNTN_006094-T1	
OG0007751	GBNTN_006108-T1	
OG0007752	GBNTN_006126-T1	
OG0007753	GBNTN_006140-T1	
OG0007754	GBNTN_006142-T1	
OG0007755	GBNTN_006145-T1	
OG0007756	GBNTN_006159-T1	
OG0007757	GBNTN_006162-T1	
OG0007758	GBNTN_006181-T1	
OG0007759	GBNTN_006211-T1	
OG0007760	GBNTN_006214-T1	
OG0007761	GBNTN_006234-T1	
OG0007762	GBNTN_006247-T1	
OG0007763	GBNTN_006258-T1	
OG0007764	GBNTN_006267-T1	
OG0007765	GBNTN_006268-T1	
OG0007766	GBNTN_006275-T1	
OG0007767	GBNTN_006288-T1	
OG0007768	GBNTN_006290-T1	
OG0007769	GBNTN_006329-T1	
OG0007770	GBNTN_006346-T1	
OG0007771	GBNTN_006354-T1	
OG0007772	GBNTN_006356-T1	
OG0007773	GBNTN_006361-T1	
OG0007774	GBNTN_006367-T1	
OG0007775	GBNTN_006390-T1	
OG0007776	GBNTN_006391-T1	
OG0007777	GBNTN_006409-T1	
OG0007778	GBNTN_006410-T1	
OG0007779	GBNTN_006412-T1	
OG0007780	GBNTN_006415-T1	
OG0007781	GBNTN_006418-T1	
OG0007782	GBNTN_006419-T1	
OG0007783	GBNTN_006425-T1	
OG0007784	GBNTN_006430-T1	
OG0007785	GBNTN_006443-T1	
OG0007786	GBNTN_006453-T1	
OG0007787	GBNTN_006455-T1	
OG0007788	GBNTN_006462-T1	
OG0007789	GBNTN_006479-T1	
OG0007790	GBNTN_006492-T1	
OG0007791	GBNTN_006498-T1	
OG0007792	GBNTN_006511-T1	
OG0007793	GBNTN_006519-T1	
OG0007794	GBNTN_006534-T1	
OG0007795	GBNTN_006535-T1	
OG0007796	GBNTN_006541-T1	
OG0007797	GBNTN_006547-T1	
OG0007798	GBNTN_006554-T1	
OG0007799	GBNTN_006560-T1	
OG0007800	GBNTN_006567-T1	
OG0007801	GBNTN_006568-T1	
OG0007802	GBNTN_006570-T1	
OG0007803	GBNTN_006582-T1	
OG0007804	GBNTN_006584-T1	
OG0007805	GBNTN_006587-T1	
OG0007806	GBNTN_006590-T1	
OG0007807	GBNTN_006592-T1	
OG0007808	GBNTN_006593-T1	
OG0007809	GBNTN_006617-T1	
OG0007810	GBNTN_006629-T1	
OG0007811	GBNTN_006643-T1	
OG0007812	GBNTN_006680-T1	
OG0007813	GBNTN_006694-T1	
OG0007814	GBNTN_006722-T1	
OG0007815	GBNTN_006740-T1	
OG0007816	GBNTN_006744-T1	
OG0007817	GBNTN_006747-T1	
OG0007818	GBNTN_006761-T1	
OG0007819	GBNTN_006766-T1	
OG0007820	GBNTN_006767-T1	
OG0007821	GBNTN_006773-T1	
OG0007822	GBNTN_006774-T1	
OG0007823	GBNTN_006804-T1	
OG0007824	GBNTN_006805-T1	
OG0007825	GBNTN_006811-T1	
OG0007826	GBNTN_006821-T1	
OG0007827	GBNTN_006826-T1	
OG0007828	GBNTN_006828-T1	
OG0007829	GBNTN_006838-T1	
OG0007830	GBNTN_006843-T1	
OG0007831	GBNTN_006848-T1	
OG0007832	GBNTN_006849-T1	
OG0007833	GBNTN_006851-T1	
OG0007834	GBNTN_006857-T1	
OG0007835	GBNTN_006863-T1	
OG0007836	GBNTN_006890-T1	
OG0007837	GBNTN_006903-T1	
OG0007838	GBNTN_006905-T1	
OG0007839	GBNTN_006906-T1	
OG0007840	GBNTN_006910-T1	
OG0007841	GBNTN_006945-T1	
OG0007842	GBNTN_006951-T1	
OG0007843	GBNTN_006961-T1	
OG0007844	GBNTN_006968-T1	
OG0007845	GBNTN_006981-T1	
OG0007846	GBNTN_006982-T1	
OG0007847	GBNTN_006983-T1	
OG0007848	GBNTN_007006-T1	
OG0007849	GBNTN_007010-T1	
OG0007850	GBNTN_007017-T1	
OG0007851	GBNTN_007020-T1	
OG0007852	GBNTN_007025-T1	
OG0007853	GBNTN_007026-T1	
OG0007854	GBNTN_007030-T1	
OG0007855	GBNTN_007048-T1	
OG0007856	GBNTN_007089-T1	
OG0007857	GBNTN_007095-T1	
OG0007858	GBNTN_007101-T1	
OG0007859	GBNTN_007120-T1	
OG0007860	GBNTN_007121-T1	
OG0007861	GBNTN_007133-T1	
OG0007862	GBNTN_007134-T1	
OG0007863	GBNTN_007136-T1	
OG0007864	GBNTN_007138-T1	
OG0007865	GBNTN_007165-T1	
OG0007866	GBNTN_007166-T1	
OG0007867	GBNTN_007170-T1	
OG0007868	GBNTN_007171-T1	
OG0007869	GBNTN_007172-T1	
OG0007870	GBNTN_007173-T1	
OG0007871	GBNTN_007174-T1	
OG0007872	GBNTN_007177-T1	
OG0007873	GBNTN_007181-T1	
OG0007874	GBNTN_007191-T1	
OG0007875	GBNTN_007204-T1	
OG0007876	GBNTN_007205-T1	
OG0007877	GBNTN_007227-T1	
OG0007878	GBNTN_007230-T1	
OG0007879	GBNTN_007233-T1	
OG0007880	GBNTN_007248-T1	
OG0007881	GBNTN_007249-T1	
OG0007882	GBNTN_007271-T1	
OG0007883	GBNTN_007278-T1	
OG0007884	GBNTN_007279-T1	
OG0007885	GBNTN_007283-T1	
OG0007886	GBNTN_007286-T1	
OG0007887	GBNTN_007292-T1	
OG0007888	GBNTN_007295-T1	
OG0007889	GBNTN_007309-T1	
OG0007890	GBNTN_007343-T1	
OG0007891	GBNTN_007358-T1	
OG0007892	GBNTN_007361-T1	
OG0007893	GBNTN_007362-T1	
OG0007894	GBNTN_007370-T1	
OG0007895	GBNTN_007371-T1	
OG0007896	GBNTN_007380-T1	
OG0007897	GBNTN_007390-T1	
OG0007898	GBNTN_007409-T1	
OG0007899	GBNTN_007413-T1	
OG0007900	GBNTN_007415-T1	
OG0007901	GBNTN_007427-T1	
OG0007902	GBNTN_007435-T1	
OG0007903	GBNTN_007449-T1	
OG0007904	GBNTN_007450-T1	
OG0007905	GBNTN_007455-T1	
OG0007906	GBNTN_007468-T1	
OG0007907	GBNTN_007474-T1	
OG0007908	GBNTN_007475-T1	
OG0007909	GBNTN_007479-T1	
OG0007910	GBNTN_007480-T1	
OG0007911	GBNTN_007490-T1	
OG0007912	GBNTN_007492-T1	
OG0007913	GBNTN_007506-T1	
OG0007914	GBNTN_007514-T1	
OG0007915	GBNTN_007518-T1	
OG0007916	GBNTN_007519-T1	
OG0007917	GBNTN_007522-T1	
OG0007918	GBNTN_007528-T1	
OG0007919	GBNTN_007535-T1	
OG0007920	GBNTN_007536-T1	
OG0007921	GBNTN_007553-T1	
OG0007922	GBNTN_007563-T1	
OG0007923	GBNTN_007570-T1	
OG0007924	GBNTN_007578-T1	
OG0007925	GBNTN_007581-T1	
OG0007926	GBNTN_007590-T1	
OG0007927	GBNTN_007614-T1	
OG0007928	GBNTN_007629-T1	
OG0007929	GBNTN_007655-T1	
OG0007930	GBNTN_007667-T1	
OG0007931	GBNTN_007672-T1	
OG0007932	GBNTN_007687-T1	
OG0007933	GBNTN_007696-T1	
OG0007934	GBNTN_007698-T1	
OG0007935	GBNTN_007700-T1	
OG0007936	GBNTN_007706-T1	
OG0007937	GBNTN_007734-T1	
OG0007938	GBNTN_007739-T1	
OG0007939	GBNTN_007763-T1	
OG0007940	GBNTN_007764-T1	
OG0007941	GBNTN_007770-T1	
OG0007942	GBNTN_007781-T1	
OG0007943	GBNTN_007791-T1	
OG0007944	GBNTN_007807-T1	
OG0007945	GBNTN_007814-T1	
OG0007946	GBNTN_007822-T1	
OG0007947	GBNTN_007830-T1	
OG0007948	GBNTN_007838-T1	
OG0007949	GBNTN_007845-T1	
OG0007950	GBNTN_007853-T1	
OG0007951	GBNTN_007865-T1	
OG0007952	GBNTN_007868-T1	
OG0007953	GBNTN_007881-T1	
OG0007954	GBNTN_007898-T1	
OG0007955	GBNTN_007907-T1	
OG0007956	GBNTN_007912-T1	
OG0007957	GBNTN_007926-T1	
OG0007958	GBNTN_007937-T1	
OG0007959	GBNTN_007949-T1	
OG0007960	GBNTN_007970-T1	
OG0007961	GBNTN_007971-T1	
OG0007962	GBNTN_007973-T1	
OG0007963	GBNTN_007974-T1	
OG0007964	GBNTN_007975-T1	
OG0007965	GBNTN_007976-T1	
OG0007966	GBNTN_007983-T1	
OG0007967	GBNTN_008008-T1	
OG0007968	GBNTN_008010-T1	
OG0007969	GBNTN_008012-T1	
OG0007970	GBNTN_008041-T1	
OG0007971	GBNTN_008054-T1	
OG0007972	GBNTN_008055-T1	
OG0007973	GBNTN_008058-T1	
OG0007974	GBNTN_008059-T1	
OG0007975	GBNTN_008061-T1	
OG0007976	GBNTN_008065-T1	
OG0007977	GBNTN_008066-T1	
OG0007978	GBNTN_008083-T1	
OG0007979	GBNTN_008088-T1	
OG0007980	GBNTN_008093-T1	
OG0007981	GBNTN_008101-T1	
OG0007982	GBNTN_008119-T1	
OG0007983	GBNTN_008130-T1	
OG0007984	GBNTN_008136-T1	
OG0007985	GBNTN_008138-T1	
OG0007986	GBNTN_008139-T1	
OG0007987	GBNTN_008140-T1	
OG0007988	GBNTN_008141-T1	
OG0007989	GBNTN_008166-T1	
OG0007990	GBNTN_008170-T1	
OG0007991	GBNTN_008179-T1	
OG0007992	GBNTN_008182-T1	
OG0007993	GBNTN_008185-T1	
OG0007994	GBNTN_008197-T1	
OG0007995	GBNTN_008212-T1	
OG0007996	GBNTN_008247-T1	
OG0007997	GBNTN_008249-T1	
OG0007998	GBNTN_008258-T1	
OG0007999	GBNTN_008260-T1	
OG0008000	GBNTN_008269-T1	
OG0008001	GBNTN_008274-T1	
OG0008002	GBNTN_008284-T1	
OG0008003	GBNTN_008290-T1	
OG0008004	GBNTN_008295-T1	
OG0008005	GBNTN_008302-T1	
OG0008006	GBNTN_008304-T1	
OG0008007	GBNTN_008317-T1	
OG0008008	GBNTN_008325-T1	
OG0008009	GBNTN_008342-T1	
OG0008010	GBNTN_008355-T1	
OG0008011	GBNTN_008356-T1	
OG0008012	GBNTN_008378-T1	
OG0008013	GBNTN_008382-T1	
OG0008014	GBNTN_008388-T1	
OG0008015	GBNTN_008400-T1	
OG0008016	GBNTN_008410-T1	
OG0008017	GBNTN_008422-T1	
OG0008018	GBNTN_008423-T1	
OG0008019	GBNTN_008427-T1	
OG0008020	GBNTN_008429-T1	
OG0008021	GBNTN_008431-T1	
OG0008022	GBNTN_008433-T1	
OG0008023	GBNTN_008434-T1	
OG0008024	GBNTN_008446-T1	
OG0008025	GBNTN_008449-T1	
OG0008026	GBNTN_008456-T1	
OG0008027	GBNTN_008458-T1	
OG0008028	GBNTN_008459-T1	
OG0008029	GBNTN_008463-T1	
OG0008030	GBNTN_008468-T1	
OG0008031	GBNTN_008475-T1	
OG0008032	GBNTN_008479-T1	
OG0008033	GBNTN_008481-T1	
OG0008034	GBNTN_008483-T1	
OG0008035	GBNTN_008486-T1	
OG0008036	GBNTN_008487-T1	
OG0008037	GBNTN_008492-T1	
OG0008038	GBNTN_008500-T1	
OG0008039	GBNTN_008501-T1	
OG0008040	GBNTN_008512-T1	
OG0008041	GBNTN_008521-T1	
OG0008042	GBNTN_008555-T1	
OG0008043	GBNTN_008590-T1	
OG0008044	GBNTN_008604-T1	
OG0008045	GBNTN_008614-T1	
OG0008046	GBNTN_008628-T1	
OG0008047	GBNTN_008639-T1	
OG0008048	GBNTN_008667-T1	
OG0008049	GBNTN_008668-T1	
OG0008050	GBNTN_008673-T1	
OG0008051	GBNTN_008680-T1	
OG0008052	GBNTN_008681-T1	
OG0008053	GBNTN_008686-T1	
OG0008054	GBNTN_008699-T1	
OG0008055	GBNTN_008707-T1	
OG0008056	GBNTN_008716-T1	
OG0008057	GBNTN_008719-T1	
OG0008058	GBNTN_008726-T1	
OG0008059	GBNTN_008736-T1	
OG0008060	GBNTN_008737-T1	
OG0008061	GBNTN_008740-T1	
OG0008062	GBNTN_008761-T1	
OG0008063	GBNTN_008763-T1	
OG0008064	GBNTN_008768-T1	
OG0008065	GBNTN_008783-T1	
OG0008066	GBNTN_008788-T1	
OG0008067	GBNTN_008789-T1	
OG0008068	GBNTN_008790-T1	
OG0008069	GBNTN_008807-T1	
OG0008070	GBNTN_008812-T1	
OG0008071	GBNTN_008835-T1	
OG0008072	GBNTN_008840-T1	
OG0008073	GBNTN_008844-T1	
OG0008074	GBNTN_008853-T1	
OG0008075	GBNTN_008877-T1	
OG0008076	GBNTN_008882-T1	
OG0008077	GBNTN_008891-T1	
OG0008078	GBNTN_008895-T1	
OG0008079	GBNTN_008909-T1	
OG0008080	GBNTN_008913-T1	
OG0008081	GBNTN_008922-T1	
OG0008082	GBNTN_008923-T1	
OG0008083	GBNTN_008927-T1	
OG0008084	GBNTN_008941-T1	
OG0008085	GBNTN_008947-T1	
OG0008086	GBNTN_008955-T1	
OG0008087	GBNTN_008963-T1	
OG0008088	GBNTN_008972-T1	
OG0008089	GBNTN_008975-T1	
OG0008090	GBNTN_008978-T1	
OG0008091	GBNTN_008985-T1	
OG0008092	GBNTN_008986-T1	
OG0008093	GBNTN_008988-T1	
OG0008094	GBNTN_008990-T1	
OG0008095	GBNTN_008993-T1	
OG0008096	GBNTN_008994-T1	
OG0008097	GBNTN_009027-T1	
OG0008098	GBNTN_009029-T1	
OG0008099	GBNTN_009033-T1	
OG0008100	GBNTN_009040-T1	
OG0008101	GBNTN_009045-T1	
OG0008102	GBNTN_009070-T1	
OG0008103	GBNTN_009071-T1	
OG0008104	GBNTN_009075-T1	
OG0008105	GBNTN_009078-T1	
OG0008106	GBNTN_009079-T1	
OG0008107	GBNTN_009081-T1	
OG0008108	GBNTN_009082-T1	
OG0008109	GBNTN_009086-T1	
OG0008110	GBNTN_009091-T1	
OG0008111	GBNTN_009092-T1	
OG0008112	GBNTN_009096-T1	
OG0008113	GBNTN_009100-T1	
OG0008114	GBNTN_009101-T1	
OG0008115	GBNTN_009102-T1	
OG0008116	GBNTN_009117-T1	
OG0008117	GBNTN_009122-T1	
OG0008118	GBNTN_009125-T1	
OG0008119	GBNTN_009143-T1	
OG0008120	GBNTN_009149-T1	
OG0008121	GBNTN_009180-T1	
OG0008122	GBNTN_009188-T1	
OG0008123	GBNTN_009194-T1	
OG0008124	GBNTN_009204-T1	
OG0008125	GBNTN_009211-T1	
OG0008126	GBNTN_009213-T1	
OG0008127	GBNTN_009216-T1	
OG0008128	GBNTN_009228-T1	
OG0008129	GBNTN_009232-T1	
OG0008130	GBNTN_009241-T1	
OG0008131	GBNTN_009244-T1	
OG0008132	GBNTN_009245-T1	
OG0008133	GBNTN_009251-T1	
OG0008134	GBNTN_009266-T1	
OG0008135	GBNTN_009268-T1	
OG0008136	GBNTN_009272-T1	
OG0008137	GBNTN_009276-T1	
OG0008138	GBNTN_009283-T1	
OG0008139	GBNTN_009294-T1	
OG0008140	GBNTN_009305-T1	
OG0008141	GBNTN_009306-T1	
OG0008142	GBNTN_009307-T1	
OG0008143	GBNTN_009308-T1	
OG0008144	GBNTN_009309-T1	
OG0008145	GBNTN_009310-T1	
OG0008146	GBNTN_009311-T1	
OG0008147	GBNTN_009314-T1	
OG0008148	GBNTN_009317-T1	
OG0008149	GBNTN_009326-T1	
OG0008150	GBNTN_009340-T1	
OG0008151	GBNTN_009347-T1	
OG0008152	GBNTN_009348-T1	
OG0008153	GBNTN_009352-T1	
OG0008154	GBNTN_009354-T1	
OG0008155	GBNTN_009355-T1	
OG0008156	GBNTN_009356-T1	
OG0008157	GBNTN_009359-T1	
OG0008158	GBNTN_009363-T1	
OG0008159	GBNTN_009365-T1	
OG0008160	GBNTN_009376-T1	
OG0008161	GBNTN_009390-T1	
OG0008162	GBNTN_009402-T1	
OG0008163	GBNTN_009403-T1	
OG0008164	GBNTN_009405-T1	
OG0008165	GBNTN_009407-T1	
OG0008166	GBNTN_009409-T1	
OG0008167	GBNTN_009411-T1	
OG0008168	GBNTN_009414-T1	
OG0008169	GBNTN_009417-T1	
OG0008170	GBNTN_009428-T1	
OG0008171	GBNTN_009441-T1	
OG0008172	GBNTN_009446-T1	
OG0008173	GBNTN_009457-T1	
OG0008174	GBNTN_009476-T1	
OG0008175	GBNTN_009482-T1	
OG0008176	GBNTN_009484-T1	
OG0008177	GBNTN_009487-T1	
OG0008178	GBNTN_009518-T1	
OG0008179	GBNTN_009524-T1	
OG0008180	GBNTN_009536-T1	
OG0008181	GBNTN_009538-T1	
OG0008182	GBNTN_009546-T1	
OG0008183	GBNTN_009550-T1	
OG0008184	GBNTN_009552-T1	
OG0008185	GBNTN_009560-T1	
OG0008186	GBNTN_009561-T1	
OG0008187	GBNTN_009574-T1	
OG0008188	GBNTN_009583-T1	
OG0008189	GBNTN_009588-T1	
OG0008190	GBNTN_009589-T1	
OG0008191	GBNTN_009596-T1	
OG0008192	GBNTN_009598-T1	
OG0008193	GBNTN_009600-T1	
OG0008194	GBNTN_009601-T1	
OG0008195	GBNTN_009607-T1	
OG0008196	GBNTN_009608-T1	
OG0008197	GBNTN_009609-T1	
OG0008198	GBNTN_009614-T1	
OG0008199	GBNTN_009618-T1	
OG0008200	GBNTN_009619-T1	
OG0008201	GBNTN_009631-T1	
OG0008202	GBNTN_009633-T1	
OG0008203	GBNTN_009672-T1	
OG0008204	GBNTN_009673-T1	
OG0008205	GBNTN_009675-T1	
OG0008206	GBNTN_009677-T1	
OG0008207	GBNTN_009678-T1	
OG0008208	GBNTN_009680-T1	
OG0008209	GBNTN_009681-T1	
OG0008210	GBNTN_009684-T1	
OG0008211	GBNTN_009685-T1	
OG0008212	GBNTN_009687-T1	
OG0008213	GBNTN_009688-T1	
OG0008214	GBNTN_009696-T1	
OG0008215	GBNTN_009700-T1	
OG0008216	GBNTN_009705-T1	
OG0008217	GBNTN_009712-T1	
OG0008218	GBNTN_009721-T1	
OG0008219	GBNTN_009730-T1	
OG0008220	GBNTN_009737-T1	
OG0008221	GBNTN_009748-T1	
OG0008222	GBNTN_009749-T1	
OG0008223	GBNTN_009756-T1	
OG0008224	GBNTN_009759-T1	
OG0008225	GBNTN_009760-T1	
OG0008226	GBNTN_009781-T1	
OG0008227	GBNTN_009784-T1	
OG0008228	GBNTN_009787-T1	
OG0008229	GBNTN_009788-T1	
OG0008230	GBNTN_009789-T1	
OG0008231	GBNTN_009793-T1	
OG0008232	GBNTN_009796-T1	
OG0008233	GBNTN_009809-T1	
OG0008234	GBNTN_009811-T1	
OG0008235	GBNTN_009814-T1	
OG0008236	GBNTN_009815-T1	
OG0008237	GBNTN_009820-T1	
OG0008238	GBNTN_009824-T1	
OG0008239	GBNTN_009827-T1	
OG0008240	GBNTN_009828-T1	
OG0008241	GBNTN_009850-T1	
OG0008242	GBNTN_009852-T1	
OG0008243	GBNTN_009854-T1	
OG0008244	GBNTN_009855-T1	
OG0008245	GBNTN_009856-T1	
OG0008246	GBNTN_009857-T1	
OG0008247	GBNTN_009865-T1	
OG0008248	GBNTN_009866-T1	
OG0008249	GBNTN_009870-T1	
OG0008250	GBNTN_009872-T1	
OG0008251	GBNTN_009886-T1	
OG0008252	GBNTN_009904-T1	
OG0008253	GBNTN_009905-T1	
OG0008254	GBNTN_009914-T1	
OG0008255	GBNTN_009915-T1	
OG0008256	GBNTN_009916-T1	
OG0008257	GBNTN_009917-T1	
OG0008258	GBNTN_009918-T1	
OG0008259	GBNTN_009922-T1	
OG0008260	GBNTN_009932-T1	
OG0008261	GBNTN_009937-T1	
OG0008262	GBNTN_009947-T1	
OG0008263	GBNTN_009948-T1	
OG0008264	GBNTN_009951-T1	
OG0008265	GBNTN_009953-T1	
OG0008266	GBNTN_009955-T1	
OG0008267	GBNTN_009956-T1	
OG0008268	GBNTN_009970-T1	
OG0008269	GBNTN_009976-T1	
OG0008270	GBNTN_009978-T1	
OG0008271	GBNTN_009979-T1	
OG0008272	GBNTN_009980-T1	
OG0008273	GBNTN_009984-T1	
OG0008274	GBNTN_009985-T1	
OG0008275	GBNTN_009986-T1	
OG0008276		GBNWO_000021-T1
OG0008277		GBNWO_000029-T1
OG0008278		GBNWO_000033-T1
OG0008279		GBNWO_000061-T1
OG0008280		GBNWO_000071-T1
OG0008281		GBNWO_000073-T1
OG0008282		GBNWO_000079-T1
OG0008283		GBNWO_000080-T1
OG0008284		GBNWO_000094-T1
OG0008285		GBNWO_000128-T1
OG0008286		GBNWO_000141-T1
OG0008287		GBNWO_000155-T1
OG0008288		GBNWO_000163-T1
OG0008289		GBNWO_000186-T1
OG0008290		GBNWO_000204-T1
OG0008291		GBNWO_000223-T1
OG0008292		GBNWO_000240-T1
OG0008293		GBNWO_000266-T1
OG0008294		GBNWO_000278-T1
OG0008295		GBNWO_000282-T1
OG0008296		GBNWO_000288-T1
OG0008297		GBNWO_000306-T1
OG0008298		GBNWO_000317-T1
OG0008299		GBNWO_000325-T1
OG0008300		GBNWO_000327-T1
OG0008301		GBNWO_000328-T1
OG0008302		GBNWO_000336-T1
OG0008303		GBNWO_000344-T1
OG0008304		GBNWO_000360-T1
OG0008305		GBNWO_000365-T1
OG0008306		GBNWO_000377-T1
OG0008307		GBNWO_000378-T1
OG0008308		GBNWO_000396-T1
OG0008309		GBNWO_000397-T1
OG0008310		GBNWO_000404-T1
OG0008311		GBNWO_000408-T1
OG0008312		GBNWO_000437-T1
OG0008313		GBNWO_000443-T1
OG0008314		GBNWO_000447-T1
OG0008315		GBNWO_000448-T1
OG0008316		GBNWO_000459-T1
OG0008317		GBNWO_000462-T1
OG0008318		GBNWO_000466-T1
OG0008319		GBNWO_000473-T1
OG0008320		GBNWO_000499-T1
OG0008321		GBNWO_000505-T1
OG0008322		GBNWO_000541-T1
OG0008323		GBNWO_000546-T1
OG0008324		GBNWO_000572-T1
OG0008325		GBNWO_000575-T1
OG0008326		GBNWO_000579-T1
OG0008327		GBNWO_000582-T1
OG0008328		GBNWO_000586-T1
OG0008329		GBNWO_000590-T1
OG0008330		GBNWO_000604-T1
OG0008331		GBNWO_000605-T1
OG0008332		GBNWO_000613-T1
OG0008333		GBNWO_000629-T1
OG0008334		GBNWO_000638-T1
OG0008335		GBNWO_000664-T1
OG0008336		GBNWO_000678-T1
OG0008337		GBNWO_000686-T1
OG0008338		GBNWO_000692-T1
OG0008339		GBNWO_000696-T1
OG0008340		GBNWO_000703-T1
OG0008341		GBNWO_000708-T1
OG0008342		GBNWO_000711-T1
OG0008343		GBNWO_000713-T1
OG0008344		GBNWO_000717-T1
OG0008345		GBNWO_000719-T1
OG0008346		GBNWO_000729-T1
OG0008347		GBNWO_000736-T1
OG0008348		GBNWO_000742-T1
OG0008349		GBNWO_000748-T1
OG0008350		GBNWO_000749-T1
OG0008351		GBNWO_000755-T1
OG0008352		GBNWO_000756-T1
OG0008353		GBNWO_000761-T1
OG0008354		GBNWO_000763-T1
OG0008355		GBNWO_000773-T1
OG0008356		GBNWO_000782-T1
OG0008357		GBNWO_000783-T1
OG0008358		GBNWO_000786-T1
OG0008359		GBNWO_000803-T1
OG0008360		GBNWO_000812-T1
OG0008361		GBNWO_000823-T1
OG0008362		GBNWO_000825-T1
OG0008363		GBNWO_000832-T1
OG0008364		GBNWO_000841-T1
OG0008365		GBNWO_000844-T1
OG0008366		GBNWO_000871-T1
OG0008367		GBNWO_000913-T1
OG0008368		GBNWO_000915-T1
OG0008369		GBNWO_000937-T1
OG0008370		GBNWO_000946-T1
OG0008371		GBNWO_000947-T1
OG0008372		GBNWO_000964-T1
OG0008373		GBNWO_000976-T1
OG0008374		GBNWO_000994-T1
OG0008375		GBNWO_001004-T1
OG0008376		GBNWO_001005-T1
OG0008377		GBNWO_001030-T1
OG0008378		GBNWO_001059-T1
OG0008379		GBNWO_001070-T1
OG0008380		GBNWO_001076-T1
OG0008381		GBNWO_001077-T1
OG0008382		GBNWO_001078-T1
OG0008383		GBNWO_001081-T1
OG0008384		GBNWO_001084-T1
OG0008385		GBNWO_001100-T1
OG0008386		GBNWO_001102-T1
OG0008387		GBNWO_001119-T1
OG0008388		GBNWO_001131-T1
OG0008389		GBNWO_001152-T1
OG0008390		GBNWO_001169-T1
OG0008391		GBNWO_001179-T1
OG0008392		GBNWO_001188-T1
OG0008393		GBNWO_001200-T1
OG0008394		GBNWO_001234-T1
OG0008395		GBNWO_001251-T1
OG0008396		GBNWO_001255-T1
OG0008397		GBNWO_001257-T1
OG0008398		GBNWO_001258-T1
OG0008399		GBNWO_001281-T1
OG0008400		GBNWO_001286-T1
OG0008401		GBNWO_001293-T1
OG0008402		GBNWO_001304-T1
OG0008403		GBNWO_001314-T1
OG0008404		GBNWO_001321-T1
OG0008405		GBNWO_001328-T1
OG0008406		GBNWO_001329-T1
OG0008407		GBNWO_001330-T1
OG0008408		GBNWO_001341-T1
OG0008409		GBNWO_001344-T1
OG0008410		GBNWO_001348-T1
OG0008411		GBNWO_001350-T1
OG0008412		GBNWO_001355-T1
OG0008413		GBNWO_001361-T1
OG0008414		GBNWO_001365-T1
OG0008415		GBNWO_001366-T1
OG0008416		GBNWO_001369-T1
OG0008417		GBNWO_001374-T1
OG0008418		GBNWO_001385-T1
OG0008419		GBNWO_001394-T1
OG0008420		GBNWO_001425-T1
OG0008421		GBNWO_001432-T1
OG0008422		GBNWO_001449-T1
OG0008423		GBNWO_001451-T1
OG0008424		GBNWO_001463-T1
OG0008425		GBNWO_001472-T1
OG0008426		GBNWO_001473-T1
OG0008427		GBNWO_001498-T1
OG0008428		GBNWO_001513-T1
OG0008429		GBNWO_001531-T1
OG0008430		GBNWO_001532-T1
OG0008431		GBNWO_001538-T1
OG0008432		GBNWO_001545-T1
OG0008433		GBNWO_001556-T1
OG0008434		GBNWO_001561-T1
OG0008435		GBNWO_001563-T1
OG0008436		GBNWO_001565-T1
OG0008437		GBNWO_001566-T1
OG0008438		GBNWO_001579-T1
OG0008439		GBNWO_001590-T1
OG0008440		GBNWO_001595-T1
OG0008441		GBNWO_001603-T1
OG0008442		GBNWO_001608-T1
OG0008443		GBNWO_001614-T1
OG0008444		GBNWO_001622-T1
OG0008445		GBNWO_001626-T1
OG0008446		GBNWO_001627-T1
OG0008447		GBNWO_001674-T1
OG0008448		GBNWO_001687-T1
OG0008449		GBNWO_001688-T1
OG0008450		GBNWO_001695-T1
OG0008451		GBNWO_001707-T1
OG0008452		GBNWO_001710-T1
OG0008453		GBNWO_001716-T1
OG0008454		GBNWO_001720-T1
OG0008455		GBNWO_001744-T1
OG0008456		GBNWO_001745-T1
OG0008457		GBNWO_001755-T1
OG0008458		GBNWO_001775-T1
OG0008459		GBNWO_001780-T1
OG0008460		GBNWO_001802-T1
OG0008461		GBNWO_001814-T1
OG0008462		GBNWO_001816-T1
OG0008463		GBNWO_001818-T1
OG0008464		GBNWO_001830-T1
OG0008465		GBNWO_001845-T1
OG0008466		GBNWO_001846-T1
OG0008467		GBNWO_001851-T1
OG0008468		GBNWO_001858-T1
OG0008469		GBNWO_001866-T1
OG0008470		GBNWO_001875-T1
OG0008471		GBNWO_001879-T1
OG0008472		GBNWO_001881-T1
OG0008473		GBNWO_001892-T1
OG0008474		GBNWO_001894-T1
OG0008475		GBNWO_001910-T1
OG0008476		GBNWO_001913-T1
OG0008477		GBNWO_001915-T1
OG0008478		GBNWO_001935-T1
OG0008479		GBNWO_001946-T1
OG0008480		GBNWO_001949-T1
OG0008481		GBNWO_001955-T1
OG0008482		GBNWO_001972-T1
OG0008483		GBNWO_001977-T1
OG0008484		GBNWO_001980-T1
OG0008485		GBNWO_001990-T1
OG0008486		GBNWO_001992-T1
OG0008487		GBNWO_002011-T1
OG0008488		GBNWO_002017-T1
OG0008489		GBNWO_002033-T1
OG0008490		GBNWO_002046-T1
OG0008491		GBNWO_002055-T1
OG0008492		GBNWO_002066-T1
OG0008493		GBNWO_002073-T1
OG0008494		GBNWO_002098-T1
OG0008495		GBNWO_002104-T1
OG0008496		GBNWO_002106-T1
OG0008497		GBNWO_002121-T1
OG0008498		GBNWO_002122-T1
OG0008499		GBNWO_002135-T1
OG0008500		GBNWO_002140-T1
OG0008501		GBNWO_002144-T1
OG0008502		GBNWO_002145-T1
OG0008503		GBNWO_002147-T1
OG0008504		GBNWO_002151-T1
OG0008505		GBNWO_002168-T1
OG0008506		GBNWO_002170-T1
OG0008507		GBNWO_002173-T1
OG0008508		GBNWO_002181-T1
OG0008509		GBNWO_002188-T1
OG0008510		GBNWO_002208-T1
OG0008511		GBNWO_002210-T1
OG0008512		GBNWO_002211-T1
OG0008513		GBNWO_002222-T1
OG0008514		GBNWO_002240-T1
OG0008515		GBNWO_002248-T1
OG0008516		GBNWO_002251-T1
OG0008517		GBNWO_002255-T1
OG0008518		GBNWO_002256-T1
OG0008519		GBNWO_002266-T1
OG0008520		GBNWO_002268-T1
OG0008521		GBNWO_002269-T1
OG0008522		GBNWO_002273-T1
OG0008523		GBNWO_002280-T1
OG0008524		GBNWO_002286-T1
OG0008525		GBNWO_002294-T1
OG0008526		GBNWO_002305-T1
OG0008527		GBNWO_002313-T1
OG0008528		GBNWO_002331-T1
OG0008529		GBNWO_002336-T1
OG0008530		GBNWO_002348-T1
OG0008531		GBNWO_002366-T1
OG0008532		GBNWO_002370-T1
OG0008533		GBNWO_002371-T1
OG0008534		GBNWO_002375-T1
OG0008535		GBNWO_002376-T1
OG0008536		GBNWO_002380-T1
OG0008537		GBNWO_002383-T1
OG0008538		GBNWO_002384-T1
OG0008539		GBNWO_002385-T1
OG0008540		GBNWO_002389-T1
OG0008541		GBNWO_002400-T1
OG0008542		GBNWO_002401-T1
OG0008543		GBNWO_002404-T1
OG0008544		GBNWO_002414-T1
OG0008545		GBNWO_002420-T1
OG0008546		GBNWO_002423-T1
OG0008547		GBNWO_002430-T1
OG0008548		GBNWO_002435-T1
OG0008549		GBNWO_002447-T1
OG0008550		GBNWO_002450-T1
OG0008551		GBNWO_002475-T1
OG0008552		GBNWO_002480-T1
OG0008553		GBNWO_002510-T1
OG0008554		GBNWO_002514-T1
OG0008555		GBNWO_002516-T1
OG0008556		GBNWO_002518-T1
OG0008557		GBNWO_002523-T1
OG0008558		GBNWO_002532-T1
OG0008559		GBNWO_002538-T1
OG0008560		GBNWO_002539-T1
OG0008561		GBNWO_002542-T1
OG0008562		GBNWO_002544-T1
OG0008563		GBNWO_002555-T1
OG0008564		GBNWO_002564-T1
OG0008565		GBNWO_002565-T1
OG0008566		GBNWO_002573-T1
OG0008567		GBNWO_002595-T1
OG0008568		GBNWO_002610-T1
OG0008569		GBNWO_002618-T1
OG0008570		GBNWO_002632-T1
OG0008571		GBNWO_002642-T1
OG0008572		GBNWO_002646-T1
OG0008573		GBNWO_002647-T1
OG0008574		GBNWO_002649-T1
OG0008575		GBNWO_002659-T1
OG0008576		GBNWO_002663-T1
OG0008577		GBNWO_002667-T1
OG0008578		GBNWO_002669-T1
OG0008579		GBNWO_002672-T1
OG0008580		GBNWO_002680-T1
OG0008581		GBNWO_002681-T1
OG0008582		GBNWO_002684-T1
OG0008583		GBNWO_002686-T1
OG0008584		GBNWO_002687-T1
OG0008585		GBNWO_002704-T1
OG0008586		GBNWO_002727-T1
OG0008587		GBNWO_002736-T1
OG0008588		GBNWO_002740-T1
OG0008589		GBNWO_002744-T1
OG0008590		GBNWO_002749-T1
OG0008591		GBNWO_002750-T1
OG0008592		GBNWO_002752-T1
OG0008593		GBNWO_002777-T1
OG0008594		GBNWO_002783-T1
OG0008595		GBNWO_002788-T1
OG0008596		GBNWO_002790-T1
OG0008597		GBNWO_002800-T1
OG0008598		GBNWO_002801-T1
OG0008599		GBNWO_002804-T1
OG0008600		GBNWO_002819-T1
OG0008601		GBNWO_002836-T1
OG0008602		GBNWO_002838-T1
OG0008603		GBNWO_002857-T1
OG0008604		GBNWO_002860-T1
OG0008605		GBNWO_002870-T1
OG0008606		GBNWO_002877-T1
OG0008607		GBNWO_002899-T1
OG0008608		GBNWO_002901-T1
OG0008609		GBNWO_002905-T1
OG0008610		GBNWO_002907-T1
OG0008611		GBNWO_002912-T1
OG0008612		GBNWO_002915-T1
OG0008613		GBNWO_002932-T1
OG0008614		GBNWO_002939-T1
OG0008615		GBNWO_002940-T1
OG0008616		GBNWO_002945-T1
OG0008617		GBNWO_002954-T1
OG0008618		GBNWO_002976-T1
OG0008619		GBNWO_002978-T1
OG0008620		GBNWO_002996-T1
OG0008621		GBNWO_002997-T1
OG0008622		GBNWO_003001-T1
OG0008623		GBNWO_003003-T1
OG0008624		GBNWO_003019-T1
OG0008625		GBNWO_003033-T1
OG0008626		GBNWO_003043-T1
OG0008627		GBNWO_003054-T1
OG0008628		GBNWO_003056-T1
OG0008629		GBNWO_003057-T1
OG0008630		GBNWO_003063-T1
OG0008631		GBNWO_003065-T1
OG0008632		GBNWO_003071-T1
OG0008633		GBNWO_003074-T1
OG0008634		GBNWO_003093-T1
OG0008635		GBNWO_003098-T1
OG0008636		GBNWO_003099-T1
OG0008637		GBNWO_003102-T1
OG0008638		GBNWO_003107-T1
OG0008639		GBNWO_003113-T1
OG0008640		GBNWO_003137-T1
OG0008641		GBNWO_003152-T1
OG0008642		GBNWO_003155-T1
OG0008643		GBNWO_003176-T1
OG0008644		GBNWO_003177-T1
OG0008645		GBNWO_003182-T1
OG0008646		GBNWO_003190-T1
OG0008647		GBNWO_003198-T1
OG0008648		GBNWO_003199-T1
OG0008649		GBNWO_003202-T1
OG0008650		GBNWO_003203-T1
OG0008651		GBNWO_003204-T1
OG0008652		GBNWO_003217-T1
OG0008653		GBNWO_003218-T1
OG0008654		GBNWO_003219-T1
OG0008655		GBNWO_003225-T1
OG0008656		GBNWO_003228-T1
OG0008657		GBNWO_003241-T1
OG0008658		GBNWO_003244-T1
OG0008659		GBNWO_003253-T1
OG0008660		GBNWO_003259-T1
OG0008661		GBNWO_003266-T1
OG0008662		GBNWO_003267-T1
OG0008663		GBNWO_003276-T1
OG0008664		GBNWO_003279-T1
OG0008665		GBNWO_003280-T1
OG0008666		GBNWO_003282-T1
OG0008667		GBNWO_003291-T1
OG0008668		GBNWO_003299-T1
OG0008669		GBNWO_003300-T1
OG0008670		GBNWO_003318-T1
OG0008671		GBNWO_003320-T1
OG0008672		GBNWO_003321-T1
OG0008673		GBNWO_003339-T1
OG0008674		GBNWO_003348-T1
OG0008675		GBNWO_003353-T1
OG0008676		GBNWO_003356-T1
OG0008677		GBNWO_003362-T1
OG0008678		GBNWO_003372-T1
OG0008679		GBNWO_003374-T1
OG0008680		GBNWO_003407-T1
OG0008681		GBNWO_003409-T1
OG0008682		GBNWO_003412-T1
OG0008683		GBNWO_003422-T1
OG0008684		GBNWO_003442-T1
OG0008685		GBNWO_003443-T1
OG0008686		GBNWO_003444-T1
OG0008687		GBNWO_003448-T1
OG0008688		GBNWO_003452-T1
OG0008689		GBNWO_003459-T1
OG0008690		GBNWO_003468-T1
OG0008691		GBNWO_003481-T1
OG0008692		GBNWO_003485-T1
OG0008693		GBNWO_003487-T1
OG0008694		GBNWO_003488-T1
OG0008695		GBNWO_003490-T1
OG0008696		GBNWO_003491-T1
OG0008697		GBNWO_003501-T1
OG0008698		GBNWO_003505-T1
OG0008699		GBNWO_003506-T1
OG0008700		GBNWO_003507-T1
OG0008701		GBNWO_003508-T1
OG0008702		GBNWO_003509-T1
OG0008703		GBNWO_003511-T1
OG0008704		GBNWO_003513-T1
OG0008705		GBNWO_003514-T1
OG0008706		GBNWO_003531-T1
OG0008707		GBNWO_003540-T1
OG0008708		GBNWO_003541-T1
OG0008709		GBNWO_003546-T1
OG0008710		GBNWO_003558-T1
OG0008711		GBNWO_003573-T1
OG0008712		GBNWO_003577-T1
OG0008713		GBNWO_003596-T1
OG0008714		GBNWO_003609-T1
OG0008715		GBNWO_003610-T1
OG0008716		GBNWO_003612-T1
OG0008717		GBNWO_003620-T1
OG0008718		GBNWO_003623-T1
OG0008719		GBNWO_003624-T1
OG0008720		GBNWO_003627-T1
OG0008721		GBNWO_003632-T1
OG0008722		GBNWO_003633-T1
OG0008723		GBNWO_003647-T1
OG0008724		GBNWO_003659-T1
OG0008725		GBNWO_003669-T1
OG0008726		GBNWO_003675-T1
OG0008727		GBNWO_003679-T1
OG0008728		GBNWO_003690-T1
OG0008729		GBNWO_003694-T1
OG0008730		GBNWO_003709-T1
OG0008731		GBNWO_003723-T1
OG0008732		GBNWO_003726-T1
OG0008733		GBNWO_003728-T1
OG0008734		GBNWO_003730-T1
OG0008735		GBNWO_003731-T1
OG0008736		GBNWO_003734-T1
OG0008737		GBNWO_003735-T1
OG0008738		GBNWO_003737-T1
OG0008739		GBNWO_003740-T1
OG0008740		GBNWO_003745-T1
OG0008741		GBNWO_003746-T1
OG0008742		GBNWO_003747-T1
OG0008743		GBNWO_003753-T1
OG0008744		GBNWO_003766-T1
OG0008745		GBNWO_003772-T1
OG0008746		GBNWO_003775-T1
OG0008747		GBNWO_003777-T1
OG0008748		GBNWO_003785-T1
OG0008749		GBNWO_003789-T1
OG0008750		GBNWO_003798-T1
OG0008751		GBNWO_003799-T1
OG0008752		GBNWO_003801-T1
OG0008753		GBNWO_003804-T1
OG0008754		GBNWO_003813-T1
OG0008755		GBNWO_003819-T1
OG0008756		GBNWO_003833-T1
OG0008757		GBNWO_003845-T1
OG0008758		GBNWO_003849-T1
OG0008759		GBNWO_003850-T1
OG0008760		GBNWO_003851-T1
OG0008761		GBNWO_003857-T1
OG0008762		GBNWO_003867-T1
OG0008763		GBNWO_003868-T1
OG0008764		GBNWO_003872-T1
OG0008765		GBNWO_003877-T1
OG0008766		GBNWO_003890-T1
OG0008767		GBNWO_003892-T1
OG0008768		GBNWO_003894-T1
OG0008769		GBNWO_003896-T1
OG0008770		GBNWO_003898-T1
OG0008771		GBNWO_003904-T1
OG0008772		GBNWO_003908-T1
OG0008773		GBNWO_003909-T1
OG0008774		GBNWO_003924-T1
OG0008775		GBNWO_003940-T1
OG0008776		GBNWO_003942-T1
OG0008777		GBNWO_003949-T1
OG0008778		GBNWO_003950-T1
OG0008779		GBNWO_003952-T1
OG0008780		GBNWO_003955-T1
OG0008781		GBNWO_003956-T1
OG0008782		GBNWO_003957-T1
OG0008783		GBNWO_003960-T1
OG0008784		GBNWO_003967-T1
OG0008785		GBNWO_003968-T1
OG0008786		GBNWO_003978-T1
OG0008787		GBNWO_003979-T1
OG0008788		GBNWO_003984-T1
OG0008789		GBNWO_003986-T1
OG0008790		GBNWO_003987-T1
OG0008791		GBNWO_003988-T1
OG0008792		GBNWO_004010-T1
OG0008793		GBNWO_004014-T1
OG0008794		GBNWO_004029-T1
OG0008795		GBNWO_004032-T1
OG0008796		GBNWO_004040-T1
OG0008797		GBNWO_004043-T1
OG0008798		GBNWO_004047-T1
OG0008799		GBNWO_004053-T1
OG0008800		GBNWO_004054-T1
OG0008801		GBNWO_004059-T1
OG0008802		GBNWO_004061-T1
OG0008803		GBNWO_004063-T1
OG0008804		GBNWO_004088-T1
OG0008805		GBNWO_004101-T1
OG0008806		GBNWO_004103-T1
OG0008807		GBNWO_004104-T1
OG0008808		GBNWO_004111-T1
OG0008809		GBNWO_004112-T1
OG0008810		GBNWO_004113-T1
OG0008811		GBNWO_004119-T1
OG0008812		GBNWO_004121-T1
OG0008813		GBNWO_004133-T1
OG0008814		GBNWO_004135-T1
OG0008815		GBNWO_004142-T1
OG0008816		GBNWO_004145-T1
OG0008817		GBNWO_004157-T1
OG0008818		GBNWO_004175-T1
OG0008819		GBNWO_004176-T1
OG0008820		GBNWO_004181-T1
OG0008821		GBNWO_004184-T1
OG0008822		GBNWO_004189-T1
OG0008823		GBNWO_004192-T1
OG0008824		GBNWO_004194-T1
OG0008825		GBNWO_004197-T1
OG0008826		GBNWO_004198-T1
OG0008827		GBNWO_004207-T1
OG0008828		GBNWO_004211-T1
OG0008829		GBNWO_004217-T1
OG0008830		GBNWO_004218-T1
OG0008831		GBNWO_004223-T1
OG0008832		GBNWO_004224-T1
OG0008833		GBNWO_004229-T1
OG0008834		GBNWO_004231-T1
OG0008835		GBNWO_004233-T1
OG0008836		GBNWO_004235-T1
OG0008837		GBNWO_004241-T1
OG0008838		GBNWO_004242-T1
OG0008839		GBNWO_004243-T1
OG0008840		GBNWO_004246-T1
OG0008841		GBNWO_004247-T1
OG0008842		GBNWO_004251-T1
OG0008843		GBNWO_004261-T1
OG0008844		GBNWO_004263-T1
OG0008845		GBNWO_004266-T1
OG0008846		GBNWO_004267-T1
OG0008847		GBNWO_004269-T1
OG0008848		GBNWO_004271-T1
OG0008849		GBNWO_004273-T1
OG0008850		GBNWO_004275-T1
OG0008851		GBNWO_004278-T1
OG0008852		GBNWO_004280-T1
OG0008853		GBNWO_004289-T1
OG0008854		GBNWO_004290-T1
OG0008855		GBNWO_004291-T1
OG0008856		GBNWO_004295-T1
OG0008857		GBNWO_004296-T1
OG0008858		GBNWO_004306-T1
OG0008859		GBNWO_004307-T1
OG0008860		GBNWO_004310-T1
OG0008861		GBNWO_004320-T1
OG0008862		GBNWO_004328-T1
OG0008863		GBNWO_004330-T1
OG0008864		GBNWO_004341-T1
OG0008865		GBNWO_004343-T1
OG0008866		GBNWO_004345-T1
OG0008867		GBNWO_004346-T1
OG0008868		GBNWO_004350-T1
OG0008869		GBNWO_004358-T1
OG0008870		GBNWO_004360-T1
OG0008871		GBNWO_004372-T1
OG0008872		GBNWO_004373-T1
OG0008873		GBNWO_004384-T1
OG0008874		GBNWO_004389-T1
OG0008875		GBNWO_004391-T1
OG0008876		GBNWO_004395-T1
OG0008877		GBNWO_004402-T1
OG0008878		GBNWO_004403-T1
OG0008879		GBNWO_004410-T1
OG0008880		GBNWO_004412-T1
OG0008881		GBNWO_004417-T1
OG0008882		GBNWO_004418-T1
OG0008883		GBNWO_004423-T1
OG0008884		GBNWO_004425-T1
OG0008885		GBNWO_004428-T1
OG0008886		GBNWO_004432-T1
OG0008887		GBNWO_004435-T1
OG0008888		GBNWO_004438-T1
OG0008889		GBNWO_004443-T1
OG0008890		GBNWO_004444-T1
OG0008891		GBNWO_004445-T1
OG0008892		GBNWO_004447-T1
OG0008893		GBNWO_004454-T1
OG0008894		GBNWO_004456-T1
OG0008895		GBNWO_004457-T1
OG0008896		GBNWO_004469-T1
OG0008897		GBNWO_004474-T1
OG0008898		GBNWO_004482-T1
OG0008899		GBNWO_004485-T1
OG0008900		GBNWO_004490-T1
OG0008901		GBNWO_004491-T1
OG0008902		GBNWO_004494-T1
OG0008903		GBNWO_004495-T1
OG0008904		GBNWO_004513-T1
OG0008905		GBNWO_004529-T1
OG0008906		GBNWO_004530-T1
OG0008907		GBNWO_004541-T1
OG0008908		GBNWO_004543-T1
OG0008909		GBNWO_004553-T1
OG0008910		GBNWO_004554-T1
OG0008911		GBNWO_004555-T1
OG0008912		GBNWO_004560-T1
OG0008913		GBNWO_004561-T1
OG0008914		GBNWO_004564-T1
OG0008915		GBNWO_004565-T1
OG0008916		GBNWO_004571-T1
OG0008917		GBNWO_004587-T1
OG0008918		GBNWO_004590-T1
OG0008919		GBNWO_004594-T1
OG0008920		GBNWO_004595-T1
OG0008921		GBNWO_004601-T1
OG0008922		GBNWO_004603-T1
OG0008923		GBNWO_004606-T1
OG0008924		GBNWO_004618-T1
OG0008925		GBNWO_004619-T1
OG0008926		GBNWO_004621-T1
OG0008927		GBNWO_004622-T1
OG0008928		GBNWO_004631-T1
OG0008929		GBNWO_004633-T1
OG0008930		GBNWO_004636-T1
OG0008931		GBNWO_004645-T1
OG0008932		GBNWO_004649-T1
OG0008933		GBNWO_004650-T1
OG0008934		GBNWO_004657-T1
OG0008935		GBNWO_004660-T1
OG0008936		GBNWO_004662-T1
OG0008937		GBNWO_004677-T1
OG0008938		GBNWO_004683-T1
OG0008939		GBNWO_004690-T1
OG0008940		GBNWO_004691-T1
OG0008941		GBNWO_004695-T1
OG0008942		GBNWO_004703-T1
OG0008943		GBNWO_004706-T1
OG0008944		GBNWO_004716-T1
OG0008945		GBNWO_004717-T1
OG0008946		GBNWO_004721-T1
OG0008947		GBNWO_004722-T1
OG0008948		GBNWO_004723-T1
OG0008949		GBNWO_004732-T1
OG0008950		GBNWO_004745-T1
OG0008951		GBNWO_004747-T1
OG0008952		GBNWO_004749-T1
OG0008953		GBNWO_004752-T1
OG0008954		GBNWO_004756-T1
OG0008955		GBNWO_004759-T1
OG0008956		GBNWO_004760-T1
OG0008957		GBNWO_004761-T1
OG0008958		GBNWO_004765-T1
OG0008959		GBNWO_004775-T1
OG0008960		GBNWO_004778-T1
OG0008961		GBNWO_004790-T1
OG0008962		GBNWO_004795-T1
OG0008963		GBNWO_004796-T1
OG0008964		GBNWO_004806-T1
OG0008965		GBNWO_004807-T1
OG0008966		GBNWO_004809-T1
OG0008967		GBNWO_004812-T1
OG0008968		GBNWO_004813-T1
OG0008969		GBNWO_004824-T1
OG0008970		GBNWO_004825-T1
OG0008971		GBNWO_004826-T1
OG0008972		GBNWO_004827-T1
OG0008973		GBNWO_004828-T1
OG0008974		GBNWO_004830-T1
OG0008975		GBNWO_004837-T1
OG0008976		GBNWO_004838-T1
OG0008977		GBNWO_004839-T1
OG0008978		GBNWO_004840-T1
OG0008979		GBNWO_004841-T1
OG0008980		GBNWO_004842-T1
OG0008981		GBNWO_004843-T1
OG0008982		GBNWO_004845-T1
OG0008983		GBNWO_004846-T1
OG0008984		GBNWO_004855-T1
OG0008985		GBNWO_004860-T1
OG0008986		GBNWO_004866-T1
OG0008987		GBNWO_004867-T1
OG0008988		GBNWO_004877-T1
OG0008989		GBNWO_004879-T1
OG0008990		GBNWO_004880-T1
OG0008991		GBNWO_004882-T1
OG0008992		GBNWO_004893-T1
OG0008993		GBNWO_004898-T1
OG0008994		GBNWO_004901-T1
OG0008995		GBNWO_004904-T1
OG0008996		GBNWO_004908-T1
OG0008997		GBNWO_004923-T1
OG0008998		GBNWO_004927-T1
OG0008999		GBNWO_004933-T1
OG0009000		GBNWO_004936-T1
OG0009001		GBNWO_004942-T1
OG0009002		GBNWO_004946-T1
OG0009003		GBNWO_004953-T1
OG0009004		GBNWO_004957-T1
OG0009005		GBNWO_004959-T1
OG0009006		GBNWO_004967-T1
OG0009007		GBNWO_004968-T1
OG0009008		GBNWO_004969-T1
OG0009009		GBNWO_004973-T1
OG0009010		GBNWO_004975-T1
OG0009011		GBNWO_004987-T1
OG0009012		GBNWO_004988-T1
OG0009013		GBNWO_004996-T1
OG0009014		GBNWO_004997-T1
OG0009015		GBNWO_004998-T1
OG0009016		GBNWO_005003-T1
OG0009017		GBNWO_005012-T1
OG0009018		GBNWO_005013-T1
OG0009019		GBNWO_005014-T1
OG0009020		GBNWO_005019-T1
OG0009021		GBNWO_005020-T1
OG0009022		GBNWO_005021-T1
OG0009023		GBNWO_005028-T1
OG0009024		GBNWO_005030-T1
OG0009025		GBNWO_005032-T1
OG0009026		GBNWO_005033-T1
OG0009027		GBNWO_005034-T1
OG0009028		GBNWO_005047-T1
OG0009029		GBNWO_005048-T1
OG0009030		GBNWO_005052-T1
OG0009031		GBNWO_005053-T1
OG0009032		GBNWO_005071-T1
OG0009033		GBNWO_005084-T1
OG0009034		GBNWO_005086-T1
OG0009035		GBNWO_005087-T1
OG0009036		GBNWO_005088-T1
OG0009037		GBNWO_005092-T1
OG0009038		GBNWO_005095-T1
OG0009039		GBNWO_005096-T1
OG0009040		GBNWO_005097-T1
OG0009041		GBNWO_005098-T1
OG0009042		GBNWO_005108-T1
OG0009043		GBNWO_005114-T1
OG0009044		GBNWO_005116-T1
OG0009045		GBNWO_005117-T1
OG0009046		GBNWO_005120-T1
OG0009047		GBNWO_005124-T1
OG0009048		GBNWO_005127-T1
OG0009049		GBNWO_005128-T1
OG0009050		GBNWO_005129-T1
OG0009051		GBNWO_005138-T1
OG0009052		GBNWO_005139-T1
OG0009053		GBNWO_005140-T1
OG0009054		GBNWO_005141-T1
OG0009055		GBNWO_005142-T1
OG0009056		GBNWO_005145-T1
OG0009057		GBNWO_005147-T1
OG0009058		GBNWO_005151-T1
OG0009059		GBNWO_005154-T1
OG0009060		GBNWO_005157-T1
OG0009061		GBNWO_005162-T1
OG0009062		GBNWO_005163-T1
OG0009063		GBNWO_005166-T1
OG0009064		GBNWO_005181-T1
OG0009065		GBNWO_005182-T1
OG0009066		GBNWO_005183-T1
OG0009067		GBNWO_005187-T1
OG0009068		GBNWO_005194-T1
OG0009069		GBNWO_005195-T1
OG0009070		GBNWO_005197-T1
OG0009071		GBNWO_005206-T1
OG0009072		GBNWO_005207-T1
OG0009073		GBNWO_005219-T1
OG0009074		GBNWO_005240-T1
OG0009075		GBNWO_005246-T1
OG0009076		GBNWO_005249-T1
OG0009077		GBNWO_005264-T1
OG0009078		GBNWO_005266-T1
OG0009079		GBNWO_005270-T1
OG0009080		GBNWO_005271-T1
OG0009081		GBNWO_005274-T1
OG0009082		GBNWO_005275-T1
OG0009083		GBNWO_005276-T1
OG0009084		GBNWO_005280-T1
OG0009085		GBNWO_005281-T1
OG0009086		GBNWO_005282-T1
OG0009087		GBNWO_005283-T1
OG0009088		GBNWO_005287-T1
OG0009089		GBNWO_005295-T1
OG0009090		GBNWO_005296-T1
OG0009091		GBNWO_005298-T1
OG0009092		GBNWO_005306-T1
OG0009093		GBNWO_005307-T1
OG0009094		GBNWO_005320-T1
OG0009095		GBNWO_005321-T1
OG0009096		GBNWO_005322-T1
OG0009097		GBNWO_005323-T1
OG0009098		GBNWO_005333-T1
OG0009099		GBNWO_005334-T1
OG0009100		GBNWO_005342-T1
OG0009101		GBNWO_005360-T1
OG0009102		GBNWO_005361-T1
OG0009103		GBNWO_005367-T1
OG0009104		GBNWO_005370-T1
OG0009105		GBNWO_005371-T1
OG0009106		GBNWO_005379-T1
OG0009107		GBNWO_005397-T1
OG0009108		GBNWO_005398-T1
OG0009109		GBNWO_005402-T1
OG0009110		GBNWO_005407-T1
OG0009111		GBNWO_005411-T1
OG0009112		GBNWO_005413-T1
OG0009113		GBNWO_005424-T1
OG0009114		GBNWO_005425-T1
OG0009115		GBNWO_005427-T1
OG0009116		GBNWO_005429-T1
OG0009117		GBNWO_005439-T1
OG0009118		GBNWO_005440-T1
OG0009119		GBNWO_005445-T1
OG0009120		GBNWO_005447-T1
OG0009121		GBNWO_005451-T1
OG0009122		GBNWO_005452-T1
OG0009123		GBNWO_005453-T1
OG0009124		GBNWO_005454-T1
OG0009125		GBNWO_005455-T1
OG0009126		GBNWO_005456-T1
OG0009127		GBNWO_005457-T1
OG0009128		GBNWO_005458-T1
OG0009129		GBNWO_005465-T1
OG0009130		GBNWO_005466-T1
OG0009131		GBNWO_005468-T1
OG0009132		GBNWO_005469-T1
OG0009133		GBNWO_005471-T1
OG0009134		GBNWO_005476-T1
OG0009135		GBNWO_005477-T1
OG0009136		GBNWO_005478-T1
OG0009137		GBNWO_005481-T1
OG0009138		GBNWO_005482-T1
OG0009139		GBNWO_005483-T1
OG0009140		GBNWO_005484-T1
OG0009141		GBNWO_005490-T1
OG0009142		GBNWO_005494-T1
OG0009143		GBNWO_005501-T1
OG0009144		GBNWO_005504-T1
OG0009145		GBNWO_005515-T1
OG0009146		GBNWO_005528-T1
OG0009147		GBNWO_005529-T1
OG0009148		GBNWO_005530-T1
OG0009149		GBNWO_005533-T1
OG0009150		GBNWO_005535-T1
OG0009151		GBNWO_005545-T1
OG0009152		GBNWO_005549-T1
OG0009153		GBNWO_005550-T1
OG0009154		GBNWO_005558-T1
OG0009155		GBNWO_005562-T1
OG0009156		GBNWO_005563-T1
OG0009157		GBNWO_005564-T1
OG0009158		GBNWO_005565-T1
OG0009159		GBNWO_005569-T1
OG0009160		GBNWO_005570-T1
OG0009161		GBNWO_005571-T1
OG0009162		GBNWO_005572-T1
OG0009163		GBNWO_005573-T1
OG0009164		GBNWO_005577-T1
OG0009165		GBNWO_005578-T1
OG0009166		GBNWO_005582-T1
OG0009167		GBNWO_005583-T1
OG0009168		GBNWO_005584-T1
OG0009169		GBNWO_005592-T1
OG0009170		GBNWO_005593-T1
OG0009171		GBNWO_005594-T1
OG0009172		GBNWO_005595-T1
OG0009173		GBNWO_005597-T1
OG0009174		GBNWO_005605-T1
OG0009175		GBNWO_005613-T1
OG0009176		GBNWO_005616-T1
OG0009177		GBNWO_005619-T1
OG0009178		GBNWO_005620-T1
OG0009179		GBNWO_005621-T1
OG0009180		GBNWO_005622-T1
OG0009181		GBNWO_005624-T1
OG0009182		GBNWO_005637-T1
OG0009183		GBNWO_005638-T1
OG0009184		GBNWO_005639-T1
OG0009185		GBNWO_005642-T1
OG0009186		GBNWO_005649-T1
OG0009187		GBNWO_005651-T1
OG0009188		GBNWO_005652-T1
OG0009189		GBNWO_005657-T1
OG0009190		GBNWO_005661-T1
OG0009191		GBNWO_005662-T1
OG0009192		GBNWO_005675-T1
OG0009193		GBNWO_005676-T1
OG0009194		GBNWO_005677-T1
OG0009195		GBNWO_005678-T1
OG0009196		GBNWO_005682-T1
OG0009197		GBNWO_005684-T1
OG0009198		GBNWO_005707-T1
OG0009199		GBNWO_005708-T1
OG0009200		GBNWO_005710-T1
OG0009201		GBNWO_005712-T1
OG0009202		GBNWO_005719-T1
OG0009203		GBNWO_005722-T1
OG0009204		GBNWO_005724-T1
OG0009205		GBNWO_005736-T1
OG0009206		GBNWO_005737-T1
OG0009207		GBNWO_005738-T1
OG0009208		GBNWO_005773-T1
OG0009209		GBNWO_005774-T1
OG0009210		GBNWO_005777-T1
OG0009211		GBNWO_005779-T1
OG0009212		GBNWO_005790-T1
OG0009213		GBNWO_005821-T1
OG0009214		GBNWO_005843-T1
OG0009215		GBNWO_005876-T1
OG0009216		GBNWO_005883-T1
OG0009217		GBNWO_005894-T1
OG0009218		GBNWO_005898-T1
OG0009219		GBNWO_005927-T1
OG0009220		GBNWO_005929-T1
OG0009221		GBNWO_005936-T1
OG0009222		GBNWO_005950-T1
OG0009223		GBNWO_005952-T1
OG0009224		GBNWO_005957-T1
OG0009225		GBNWO_005958-T1
OG0009226		GBNWO_005967-T1
OG0009227		GBNWO_005981-T1
OG0009228		GBNWO_005990-T1
OG0009229		GBNWO_005991-T1
OG0009230		GBNWO_005998-T1
OG0009231		GBNWO_006061-T1
OG0009232		GBNWO_006064-T1
OG0009233		GBNWO_006071-T1
OG0009234		GBNWO_006085-T1
OG0009235		GBNWO_006107-T1
OG0009236		GBNWO_006127-T1
OG0009237		GBNWO_006133-T1
OG0009238		GBNWO_006134-T1
OG0009239		GBNWO_006145-T1
OG0009240		GBNWO_006149-T1
OG0009241		GBNWO_006170-T1
OG0009242		GBNWO_006177-T1
OG0009243		GBNWO_006187-T1
OG0009244		GBNWO_006188-T1
OG0009245		GBNWO_006204-T1
OG0009246		GBNWO_006213-T1
OG0009247		GBNWO_006214-T1
OG0009248		GBNWO_006218-T1
OG0009249		GBNWO_006219-T1
OG0009250		GBNWO_006230-T1
OG0009251		GBNWO_006233-T1
OG0009252		GBNWO_006235-T1
OG0009253		GBNWO_006275-T1
OG0009254		GBNWO_006284-T1
OG0009255		GBNWO_006319-T1
OG0009256		GBNWO_006365-T1
OG0009257		GBNWO_006378-T1
OG0009258		GBNWO_006382-T1
OG0009259		GBNWO_006397-T1
OG0009260		GBNWO_006402-T1
OG0009261		GBNWO_006407-T1
OG0009262		GBNWO_006418-T1
OG0009263		GBNWO_006435-T1
OG0009264		GBNWO_006443-T1
OG0009265		GBNWO_006479-T1
OG0009266		GBNWO_006480-T1
OG0009267		GBNWO_006485-T1
OG0009268		GBNWO_006499-T1
OG0009269		GBNWO_006508-T1
OG0009270		GBNWO_006513-T1
OG0009271		GBNWO_006514-T1
OG0009272		GBNWO_006551-T1
OG0009273		GBNWO_006589-T1
OG0009274		GBNWO_006591-T1
OG0009275		GBNWO_006596-T1
OG0009276		GBNWO_006601-T1
OG0009277		GBNWO_006617-T1
OG0009278		GBNWO_006628-T1
OG0009279		GBNWO_006636-T1
OG0009280		GBNWO_006647-T1
OG0009281		GBNWO_006656-T1
OG0009282		GBNWO_006662-T1
OG0009283		GBNWO_006670-T1
OG0009284		GBNWO_006688-T1
OG0009285		GBNWO_006714-T1
OG0009286		GBNWO_006722-T1
OG0009287		GBNWO_006731-T1
OG0009288		GBNWO_006745-T1
OG0009289		GBNWO_006764-T1
OG0009290		GBNWO_006766-T1
OG0009291		GBNWO_006774-T1
OG0009292		GBNWO_006784-T1
OG0009293		GBNWO_006792-T1
OG0009294		GBNWO_006803-T1
OG0009295		GBNWO_006821-T1
OG0009296		GBNWO_006842-T1
OG0009297		GBNWO_006847-T1
OG0009298		GBNWO_006868-T1
OG0009299		GBNWO_006887-T1
OG0009300		GBNWO_006895-T1
OG0009301		GBNWO_006898-T1
OG0009302		GBNWO_006942-T1
OG0009303		GBNWO_006970-T1
OG0009304		GBNWO_006990-T1
OG0009305		GBNWO_006996-T1
OG0009306		GBNWO_007044-T1
OG0009307		GBNWO_007050-T1
OG0009308		GBNWO_007057-T1
OG0009309		GBNWO_007061-T1
OG0009310		GBNWO_007083-T1
OG0009311		GBNWO_007105-T1
OG0009312		GBNWO_007107-T1
OG0009313		GBNWO_007128-T1
OG0009314		GBNWO_007145-T1
OG0009315		GBNWO_007162-T1
OG0009316		GBNWO_007215-T1
OG0009317		GBNWO_007218-T1
OG0009318		GBNWO_007219-T1
OG0009319		GBNWO_007227-T1
OG0009320		GBNWO_007252-T1
OG0009321		GBNWO_007256-T1
OG0009322		GBNWO_007266-T1
OG0009323		GBNWO_007294-T1
OG0009324		GBNWO_007297-T1
OG0009325		GBNWO_007312-T1
OG0009326		GBNWO_007338-T1
OG0009327		GBNWO_007346-T1
OG0009328		GBNWO_007349-T1
OG0009329		GBNWO_007362-T1
OG0009330		GBNWO_007371-T1
OG0009331		GBNWO_007380-T1
OG0009332		GBNWO_007390-T1
OG0009333		GBNWO_007402-T1
OG0009334		GBNWO_007416-T1
OG0009335		GBNWO_007424-T1
OG0009336		GBNWO_007425-T1
OG0009337		GBNWO_007429-T1
OG0009338		GBNWO_007437-T1
OG0009339		GBNWO_007444-T1
OG0009340		GBNWO_007453-T1
OG0009341		GBNWO_007458-T1
OG0009342		GBNWO_007459-T1
OG0009343		GBNWO_007460-T1
OG0009344		GBNWO_007473-T1
OG0009345		GBNWO_007484-T1
OG0009346		GBNWO_007486-T1
OG0009347		GBNWO_007498-T1
OG0009348		GBNWO_007505-T1
OG0009349		GBNWO_007529-T1
OG0009350		GBNWO_007534-T1
OG0009351		GBNWO_007594-T1
OG0009352		GBNWO_007614-T1
OG0009353		GBNWO_007618-T1
OG0009354		GBNWO_007646-T1
OG0009355		GBNWO_007651-T1
OG0009356		GBNWO_007655-T1
OG0009357		GBNWO_007658-T1
OG0009358		GBNWO_007659-T1
OG0009359		GBNWO_007697-T1
OG0009360		GBNWO_007698-T1
OG0009361		GBNWO_007705-T1
OG0009362		GBNWO_007706-T1
OG0009363		GBNWO_007729-T1
OG0009364		GBNWO_007739-T1
OG0009365		GBNWO_007751-T1
OG0009366		GBNWO_007756-T1
OG0009367		GBNWO_007763-T1
OG0009368		GBNWO_007766-T1
OG0009369		GBNWO_007776-T1
OG0009370		GBNWO_007812-T1
OG0009371		GBNWO_007819-T1
OG0009372		GBNWO_007831-T1
OG0009373		GBNWO_007835-T1
OG0009374		GBNWO_007836-T1
OG0009375		GBNWO_007866-T1
OG0009376		GBNWO_007870-T1
OG0009377		GBNWO_007876-T1
OG0009378		GBNWO_007889-T1
OG0009379		GBNWO_007892-T1
OG0009380		GBNWO_007908-T1
OG0009381		GBNWO_007909-T1
OG0009382		GBNWO_007913-T1
OG0009383		GBNWO_007925-T1
OG0009384		GBNWO_007959-T1
OG0009385		GBNWO_007966-T1
OG0009386		GBNWO_007971-T1
OG0009387		GBNWO_007982-T1
OG0009388		GBNWO_008010-T1
OG0009389		GBNWO_008016-T1
OG0009390		GBNWO_008022-T1
OG0009391		GBNWO_008024-T1
OG0009392		GBNWO_008043-T1
OG0009393		GBNWO_008051-T1
OG0009394		GBNWO_008055-T1
OG0009395		GBNWO_008062-T1
OG0009396		GBNWO_008066-T1
OG0009397		GBNWO_008075-T1
OG0009398		GBNWO_008078-T1
OG0009399		GBNWO_008101-T1
OG0009400		GBNWO_008102-T1
OG0009401		GBNWO_008116-T1
OG0009402		GBNWO_008119-T1
OG0009403		GBNWO_008120-T1
OG0009404		GBNWO_008122-T1
OG0009405		GBNWO_008135-T1
OG0009406		GBNWO_008146-T1
OG0009407		GBNWO_008151-T1
OG0009408		GBNWO_008158-T1
OG0009409		GBNWO_008162-T1
OG0009410		GBNWO_008178-T1
OG0009411		GBNWO_008218-T1
OG0009412		GBNWO_008222-T1
OG0009413		GBNWO_008229-T1
OG0009414		GBNWO_008244-T1
OG0009415		GBNWO_008252-T1
OG0009416		GBNWO_008265-T1
OG0009417		GBNWO_008299-T1
OG0009418		GBNWO_008314-T1
OG0009419		GBNWO_008318-T1
OG0009420		GBNWO_008335-T1
OG0009421		GBNWO_008339-T1
OG0009422		GBNWO_008343-T1
OG0009423		GBNWO_008353-T1
OG0009424		GBNWO_008360-T1
OG0009425		GBNWO_008391-T1
OG0009426		GBNWO_008428-T1
OG0009427		GBNWO_008443-T1
OG0009428		GBNWO_008444-T1
OG0009429		GBNWO_008445-T1
OG0009430		GBNWO_008479-T1
OG0009431		GBNWO_008492-T1
OG0009432		GBNWO_008512-T1
OG0009433		GBNWO_008517-T1
OG0009434		GBNWO_008521-T1
OG0009435		GBNWO_008529-T1
OG0009436		GBNWO_008556-T1
OG0009437		GBNWO_008562-T1
OG0009438		GBNWO_008565-T1
OG0009439		GBNWO_008594-T1
OG0009440		GBNWO_008609-T1
OG0009441		GBNWO_008612-T1
OG0009442		GBNWO_008649-T1
OG0009443		GBNWO_008659-T1
OG0009444		GBNWO_008671-T1
OG0009445		GBNWO_008686-T1
OG0009446		GBNWO_008692-T1
OG0009447		GBNWO_008714-T1
OG0009448		GBNWO_008741-T1
OG0009449		GBNWO_008747-T1
OG0009450		GBNWO_008749-T1
OG0009451		GBNWO_008750-T1
OG0009452		GBNWO_008761-T1
OG0009453		GBNWO_008764-T1
OG0009454		GBNWO_008768-T1
OG0009455		GBNWO_008816-T1
OG0009456		GBNWO_008824-T1
OG0009457		GBNWO_008846-T1
OG0009458		GBNWO_008853-T1
OG0009459		GBNWO_008862-T1
OG0009460		GBNWO_008871-T1
OG0009461		GBNWO_008882-T1
OG0009462		GBNWO_008892-T1
OG0009463		GBNWO_008895-T1
OG0009464		GBNWO_008921-T1
OG0009465		GBNWO_008924-T1
OG0009466		GBNWO_008949-T1
OG0009467		GBNWO_008965-T1
OG0009468		GBNWO_008969-T1
OG0009469		GBNWO_008971-T1
OG0009470		GBNWO_008976-T1
OG0009471		GBNWO_008981-T1
OG0009472		GBNWO_008983-T1
OG0009473		GBNWO_009003-T1
OG0009474		GBNWO_009007-T1
OG0009475		GBNWO_009031-T1
OG0009476		GBNWO_009047-T1
OG0009477		GBNWO_009054-T1
OG0009478		GBNWO_009057-T1
OG0009479		GBNWO_009074-T1
OG0009480		GBNWO_009079-T1
OG0009481		GBNWO_009080-T1
OG0009482		GBNWO_009081-T1
OG0009483		GBNWO_009097-T1
OG0009484		GBNWO_009109-T1
OG0009485		GBNWO_009119-T1
OG0009486		GBNWO_009125-T1
OG0009487		GBNWO_009141-T1
OG0009488		GBNWO_009149-T1
OG0009489		GBNWO_009152-T1
OG0009490		GBNWO_009155-T1
OG0009491		GBNWO_009166-T1
OG0009492		GBNWO_009173-T1
OG0009493		GBNWO_009174-T1
OG0009494		GBNWO_009177-T1
OG0009495		GBNWO_009204-T1
OG0009496		GBNWO_009234-T1
OG0009497		GBNWO_009245-T1
OG0009498		GBNWO_009246-T1
OG0009499		GBNWO_009247-T1
OG0009500		GBNWO_009262-T1
OG0009501		GBNWO_009272-T1
OG0009502		GBNWO_009273-T1
OG0009503		GBNWO_009274-T1
OG0009504		GBNWO_009291-T1
OG0009505		GBNWO_009292-T1
OG0009506		GBNWO_009293-T1
OG0009507		GBNWO_009300-T1
OG0009508		GBNWO_009308-T1
OG0009509		GBNWO_009320-T1
OG0009510		GBNWO_009326-T1
OG0009511		GBNWO_009327-T1
OG0009512		GBNWO_009331-T1
OG0009513		GBNWO_009333-T1
OG0009514		GBNWO_009336-T1
OG0009515		GBNWO_009357-T1
OG0009516		GBNWO_009366-T1
OG0009517		GBNWO_009383-T1
OG0009518		GBNWO_009384-T1
OG0009519		GBNWO_009386-T1
OG0009520		GBNWO_009395-T1
OG0009521		GBNWO_009399-T1
OG0009522		GBNWO_009410-T1
OG0009523		GBNWO_009412-T1
OG0009524		GBNWO_009414-T1
OG0009525		GBNWO_009419-T1
OG0009526		GBNWO_009428-T1
OG0009527		GBNWO_009435-T1
OG0009528		GBNWO_009447-T1
OG0009529		GBNWO_009455-T1
OG0009530		GBNWO_009462-T1
OG0009531		GBNWO_009479-T1
OG0009532		GBNWO_009480-T1
OG0009533		GBNWO_009481-T1
OG0009534		GBNWO_009507-T1
OG0009535		GBNWO_009510-T1
OG0009536		GBNWO_009525-T1
OG0009537		GBNWO_009560-T1
OG0009538		GBNWO_009576-T1
OG0009539		GBNWO_009599-T1
OG0009540		GBNWO_009619-T1
OG0009541		GBNWO_009629-T1
OG0009542		GBNWO_009637-T1
OG0009543		GBNWO_009644-T1
OG0009544		GBNWO_009647-T1
OG0009545		GBNWO_009651-T1
