	Gilbertella_persicariavar.persicaria_CBS_190.32-T.aa	Gilbertella_persicariavar.persicaria_CBS_246.59_Plus.aa
OG0007062	GBNWN_000002-T1	
OG0007063	GBNWN_000036-T1	
OG0007064	GBNWN_000051-T1	
OG0007065	GBNWN_000071-T1	
OG0007066	GBNWN_000073-T1	
OG0007067	GBNWN_000074-T1	
OG0007068	GBNWN_000076-T1	
OG0007069	GBNWN_000079-T1	
OG0007070	GBNWN_000081-T1	
OG0007071	GBNWN_000091-T1	
OG0007072	GBNWN_000092-T1	
OG0007073	GBNWN_000104-T1	
OG0007074	GBNWN_000144-T1	
OG0007075	GBNWN_000146-T1	
OG0007076	GBNWN_000160-T1	
OG0007077	GBNWN_000190-T1	
OG0007078	GBNWN_000199-T1	
OG0007079	GBNWN_000203-T1	
OG0007080	GBNWN_000206-T1	
OG0007081	GBNWN_000207-T1	
OG0007082	GBNWN_000209-T1	
OG0007083	GBNWN_000210-T1	
OG0007084	GBNWN_000211-T1	
OG0007085	GBNWN_000214-T1	
OG0007086	GBNWN_000226-T1	
OG0007087	GBNWN_000250-T1	
OG0007088	GBNWN_000251-T1	
OG0007089	GBNWN_000252-T1	
OG0007090	GBNWN_000275-T1	
OG0007091	GBNWN_000292-T1	
OG0007092	GBNWN_000305-T1	
OG0007093	GBNWN_000307-T1	
OG0007094	GBNWN_000313-T1	
OG0007095	GBNWN_000314-T1	
OG0007096	GBNWN_000333-T1	
OG0007097	GBNWN_000334-T1	
OG0007098	GBNWN_000338-T1	
OG0007099	GBNWN_000339-T1	
OG0007100	GBNWN_000380-T1	
OG0007101	GBNWN_000393-T1	
OG0007102	GBNWN_000396-T1	
OG0007103	GBNWN_000397-T1	
OG0007104	GBNWN_000399-T1	
OG0007105	GBNWN_000401-T1	
OG0007106	GBNWN_000415-T1	
OG0007107	GBNWN_000419-T1	
OG0007108	GBNWN_000420-T1	
OG0007109	GBNWN_000423-T1	
OG0007110	GBNWN_000425-T1	
OG0007111	GBNWN_000447-T1	
OG0007112	GBNWN_000455-T1	
OG0007113	GBNWN_000467-T1	
OG0007114	GBNWN_000478-T1	
OG0007115	GBNWN_000481-T1	
OG0007116	GBNWN_000530-T1	
OG0007117	GBNWN_000544-T1	
OG0007118	GBNWN_000564-T1	
OG0007119	GBNWN_000592-T1	
OG0007120	GBNWN_000635-T1	
OG0007121	GBNWN_000646-T1	
OG0007122	GBNWN_000683-T1	
OG0007123	GBNWN_000688-T1	
OG0007124	GBNWN_000692-T1	
OG0007125	GBNWN_000712-T1	
OG0007126	GBNWN_000716-T1	
OG0007127	GBNWN_000717-T1	
OG0007128	GBNWN_000718-T1	
OG0007129	GBNWN_000727-T1	
OG0007130	GBNWN_000741-T1	
OG0007131	GBNWN_000749-T1	
OG0007132	GBNWN_000752-T1	
OG0007133	GBNWN_000756-T1	
OG0007134	GBNWN_000768-T1	
OG0007135	GBNWN_000770-T1	
OG0007136	GBNWN_000771-T1	
OG0007137	GBNWN_000784-T1	
OG0007138	GBNWN_000809-T1	
OG0007139	GBNWN_000817-T1	
OG0007140	GBNWN_000827-T1	
OG0007141	GBNWN_000829-T1	
OG0007142	GBNWN_000834-T1	
OG0007143	GBNWN_000849-T1	
OG0007144	GBNWN_000850-T1	
OG0007145	GBNWN_000887-T1	
OG0007146	GBNWN_000892-T1	
OG0007147	GBNWN_000935-T1	
OG0007148	GBNWN_000984-T1	
OG0007149	GBNWN_000986-T1	
OG0007150	GBNWN_000993-T1	
OG0007151	GBNWN_001017-T1	
OG0007152	GBNWN_001020-T1	
OG0007153	GBNWN_001035-T1	
OG0007154	GBNWN_001042-T1	
OG0007155	GBNWN_001073-T1	
OG0007156	GBNWN_001088-T1	
OG0007157	GBNWN_001096-T1	
OG0007158	GBNWN_001110-T1	
OG0007159	GBNWN_001117-T1	
OG0007160	GBNWN_001125-T1	
OG0007161	GBNWN_001130-T1	
OG0007162	GBNWN_001137-T1	
OG0007163	GBNWN_001175-T1	
OG0007164	GBNWN_001186-T1	
OG0007165	GBNWN_001190-T1	
OG0007166	GBNWN_001193-T1	
OG0007167	GBNWN_001194-T1	
OG0007168	GBNWN_001196-T1	
OG0007169	GBNWN_001216-T1	
OG0007170	GBNWN_001221-T1	
OG0007171	GBNWN_001224-T1	
OG0007172	GBNWN_001264-T1	
OG0007173	GBNWN_001267-T1	
OG0007174	GBNWN_001275-T1	
OG0007175	GBNWN_001281-T1	
OG0007176	GBNWN_001287-T1	
OG0007177	GBNWN_001290-T1	
OG0007178	GBNWN_001329-T1	
OG0007179	GBNWN_001350-T1	
OG0007180	GBNWN_001360-T1	
OG0007181	GBNWN_001370-T1	
OG0007182	GBNWN_001375-T1	
OG0007183	GBNWN_001379-T1	
OG0007184	GBNWN_001380-T1	
OG0007185	GBNWN_001386-T1	
OG0007186	GBNWN_001409-T1	
OG0007187	GBNWN_001422-T1	
OG0007188	GBNWN_001452-T1	
OG0007189	GBNWN_001463-T1	
OG0007190	GBNWN_001482-T1	
OG0007191	GBNWN_001484-T1	
OG0007192	GBNWN_001491-T1	
OG0007193	GBNWN_001497-T1	
OG0007194	GBNWN_001522-T1	
OG0007195	GBNWN_001541-T1	
OG0007196	GBNWN_001542-T1	
OG0007197	GBNWN_001546-T1	
OG0007198	GBNWN_001549-T1	
OG0007199	GBNWN_001566-T1	
OG0007200	GBNWN_001606-T1	
OG0007201	GBNWN_001608-T1	
OG0007202	GBNWN_001621-T1	
OG0007203	GBNWN_001623-T1	
OG0007204	GBNWN_001626-T1	
OG0007205	GBNWN_001630-T1	
OG0007206	GBNWN_001639-T1	
OG0007207	GBNWN_001666-T1	
OG0007208	GBNWN_001672-T1	
OG0007209	GBNWN_001677-T1	
OG0007210	GBNWN_001678-T1	
OG0007211	GBNWN_001681-T1	
OG0007212	GBNWN_001726-T1	
OG0007213	GBNWN_001728-T1	
OG0007214	GBNWN_001742-T1	
OG0007215	GBNWN_001750-T1	
OG0007216	GBNWN_001764-T1	
OG0007217	GBNWN_001768-T1	
OG0007218	GBNWN_001797-T1	
OG0007219	GBNWN_001816-T1	
OG0007220	GBNWN_001831-T1	
OG0007221	GBNWN_001868-T1	
OG0007222	GBNWN_001869-T1	
OG0007223	GBNWN_001874-T1	
OG0007224	GBNWN_001884-T1	
OG0007225	GBNWN_001888-T1	
OG0007226	GBNWN_001899-T1	
OG0007227	GBNWN_001900-T1	
OG0007228	GBNWN_001913-T1	
OG0007229	GBNWN_001931-T1	
OG0007230	GBNWN_001941-T1	
OG0007231	GBNWN_001948-T1	
OG0007232	GBNWN_001954-T1	
OG0007233	GBNWN_001962-T1	
OG0007234	GBNWN_001976-T1	
OG0007235	GBNWN_001990-T1	
OG0007236	GBNWN_001992-T1	
OG0007237	GBNWN_002001-T1	
OG0007238	GBNWN_002005-T1	
OG0007239	GBNWN_002008-T1	
OG0007240	GBNWN_002037-T1	
OG0007241	GBNWN_002045-T1	
OG0007242	GBNWN_002076-T1	
OG0007243	GBNWN_002078-T1	
OG0007244	GBNWN_002081-T1	
OG0007245	GBNWN_002084-T1	
OG0007246	GBNWN_002090-T1	
OG0007247	GBNWN_002097-T1	
OG0007248	GBNWN_002108-T1	
OG0007249	GBNWN_002118-T1	
OG0007250	GBNWN_002125-T1	
OG0007251	GBNWN_002130-T1	
OG0007252	GBNWN_002131-T1	
OG0007253	GBNWN_002138-T1	
OG0007254	GBNWN_002142-T1	
OG0007255	GBNWN_002145-T1	
OG0007256	GBNWN_002146-T1	
OG0007257	GBNWN_002153-T1	
OG0007258	GBNWN_002159-T1	
OG0007259	GBNWN_002169-T1	
OG0007260	GBNWN_002173-T1	
OG0007261	GBNWN_002186-T1	
OG0007262	GBNWN_002192-T1	
OG0007263	GBNWN_002200-T1	
OG0007264	GBNWN_002201-T1	
OG0007265	GBNWN_002212-T1	
OG0007266	GBNWN_002223-T1	
OG0007267	GBNWN_002227-T1	
OG0007268	GBNWN_002228-T1	
OG0007269	GBNWN_002241-T1	
OG0007270	GBNWN_002248-T1	
OG0007271	GBNWN_002251-T1	
OG0007272	GBNWN_002258-T1	
OG0007273	GBNWN_002269-T1	
OG0007274	GBNWN_002270-T1	
OG0007275	GBNWN_002281-T1	
OG0007276	GBNWN_002289-T1	
OG0007277	GBNWN_002329-T1	
OG0007278	GBNWN_002366-T1	
OG0007279	GBNWN_002377-T1	
OG0007280	GBNWN_002383-T1	
OG0007281	GBNWN_002384-T1	
OG0007282	GBNWN_002394-T1	
OG0007283	GBNWN_002434-T1	
OG0007284	GBNWN_002441-T1	
OG0007285	GBNWN_002446-T1	
OG0007286	GBNWN_002450-T1	
OG0007287	GBNWN_002459-T1	
OG0007288	GBNWN_002460-T1	
OG0007289	GBNWN_002463-T1	
OG0007290	GBNWN_002480-T1	
OG0007291	GBNWN_002542-T1	
OG0007292	GBNWN_002562-T1	
OG0007293	GBNWN_002583-T1	
OG0007294	GBNWN_002603-T1	
OG0007295	GBNWN_002617-T1	
OG0007296	GBNWN_002620-T1	
OG0007297	GBNWN_002624-T1	
OG0007298	GBNWN_002649-T1	
OG0007299	GBNWN_002665-T1	
OG0007300	GBNWN_002691-T1	
OG0007301	GBNWN_002702-T1	
OG0007302	GBNWN_002715-T1	
OG0007303	GBNWN_002725-T1	
OG0007304	GBNWN_002728-T1	
OG0007305	GBNWN_002758-T1	
OG0007306	GBNWN_002759-T1	
OG0007307	GBNWN_002770-T1	
OG0007308	GBNWN_002781-T1	
OG0007309	GBNWN_002795-T1	
OG0007310	GBNWN_002796-T1	
OG0007311	GBNWN_002806-T1	
OG0007312	GBNWN_002821-T1	
OG0007313	GBNWN_002832-T1	
OG0007314	GBNWN_002833-T1	
OG0007315	GBNWN_002848-T1	
OG0007316	GBNWN_002851-T1	
OG0007317	GBNWN_002853-T1	
OG0007318	GBNWN_002863-T1	
OG0007319	GBNWN_002926-T1	
OG0007320	GBNWN_002930-T1	
OG0007321	GBNWN_002948-T1	
OG0007322	GBNWN_002956-T1	
OG0007323	GBNWN_002964-T1	
OG0007324	GBNWN_002966-T1	
OG0007325	GBNWN_002967-T1	
OG0007326	GBNWN_002968-T1	
OG0007327	GBNWN_002973-T1	
OG0007328	GBNWN_002985-T1	
OG0007329	GBNWN_002988-T1	
OG0007330	GBNWN_003002-T1	
OG0007331	GBNWN_003007-T1	
OG0007332	GBNWN_003023-T1	
OG0007333	GBNWN_003041-T1	
OG0007334	GBNWN_003058-T1	
OG0007335	GBNWN_003094-T1	
OG0007336	GBNWN_003115-T1	
OG0007337	GBNWN_003118-T1	
OG0007338	GBNWN_003144-T1	
OG0007339	GBNWN_003168-T1	
OG0007340	GBNWN_003179-T1	
OG0007341	GBNWN_003189-T1	
OG0007342	GBNWN_003216-T1	
OG0007343	GBNWN_003217-T1	
OG0007344	GBNWN_003221-T1	
OG0007345	GBNWN_003243-T1	
OG0007346	GBNWN_003250-T1	
OG0007347	GBNWN_003273-T1	
OG0007348	GBNWN_003299-T1	
OG0007349	GBNWN_003300-T1	
OG0007350	GBNWN_003310-T1	
OG0007351	GBNWN_003319-T1	
OG0007352	GBNWN_003326-T1	
OG0007353	GBNWN_003331-T1	
OG0007354	GBNWN_003347-T1	
OG0007355	GBNWN_003348-T1	
OG0007356	GBNWN_003349-T1	
OG0007357	GBNWN_003361-T1	
OG0007358	GBNWN_003382-T1	
OG0007359	GBNWN_003385-T1	
OG0007360	GBNWN_003402-T1	
OG0007361	GBNWN_003403-T1	
OG0007362	GBNWN_003408-T1	
OG0007363	GBNWN_003409-T1	
OG0007364	GBNWN_003411-T1	
OG0007365	GBNWN_003413-T1	
OG0007366	GBNWN_003415-T1	
OG0007367	GBNWN_003420-T1	
OG0007368	GBNWN_003427-T1	
OG0007369	GBNWN_003464-T1	
OG0007370	GBNWN_003466-T1	
OG0007371	GBNWN_003476-T1	
OG0007372	GBNWN_003480-T1	
OG0007373	GBNWN_003494-T1	
OG0007374	GBNWN_003503-T1	
OG0007375	GBNWN_003506-T1	
OG0007376	GBNWN_003549-T1	
OG0007377	GBNWN_003569-T1	
OG0007378	GBNWN_003580-T1	
OG0007379	GBNWN_003581-T1	
OG0007380	GBNWN_003587-T1	
OG0007381	GBNWN_003600-T1	
OG0007382	GBNWN_003601-T1	
OG0007383	GBNWN_003609-T1	
OG0007384	GBNWN_003622-T1	
OG0007385	GBNWN_003639-T1	
OG0007386	GBNWN_003647-T1	
OG0007387	GBNWN_003703-T1	
OG0007388	GBNWN_003719-T1	
OG0007389	GBNWN_003721-T1	
OG0007390	GBNWN_003725-T1	
OG0007391	GBNWN_003736-T1	
OG0007392	GBNWN_003739-T1	
OG0007393	GBNWN_003745-T1	
OG0007394	GBNWN_003777-T1	
OG0007395	GBNWN_003807-T1	
OG0007396	GBNWN_003824-T1	
OG0007397	GBNWN_003834-T1	
OG0007398	GBNWN_003837-T1	
OG0007399	GBNWN_003863-T1	
OG0007400	GBNWN_003868-T1	
OG0007401	GBNWN_003871-T1	
OG0007402	GBNWN_003878-T1	
OG0007403	GBNWN_003881-T1	
OG0007404	GBNWN_003885-T1	
OG0007405	GBNWN_003886-T1	
OG0007406	GBNWN_003913-T1	
OG0007407	GBNWN_003916-T1	
OG0007408	GBNWN_003918-T1	
OG0007409	GBNWN_003924-T1	
OG0007410	GBNWN_003933-T1	
OG0007411	GBNWN_003941-T1	
OG0007412	GBNWN_003942-T1	
OG0007413	GBNWN_003947-T1	
OG0007414	GBNWN_003973-T1	
OG0007415	GBNWN_003995-T1	
OG0007416	GBNWN_003997-T1	
OG0007417	GBNWN_004012-T1	
OG0007418	GBNWN_004024-T1	
OG0007419	GBNWN_004036-T1	
OG0007420	GBNWN_004065-T1	
OG0007421	GBNWN_004067-T1	
OG0007422	GBNWN_004076-T1	
OG0007423	GBNWN_004084-T1	
OG0007424	GBNWN_004087-T1	
OG0007425	GBNWN_004088-T1	
OG0007426	GBNWN_004102-T1	
OG0007427	GBNWN_004138-T1	
OG0007428	GBNWN_004142-T1	
OG0007429	GBNWN_004149-T1	
OG0007430	GBNWN_004158-T1	
OG0007431	GBNWN_004171-T1	
OG0007432	GBNWN_004172-T1	
OG0007433	GBNWN_004178-T1	
OG0007434	GBNWN_004201-T1	
OG0007435	GBNWN_004202-T1	
OG0007436	GBNWN_004215-T1	
OG0007437	GBNWN_004221-T1	
OG0007438	GBNWN_004232-T1	
OG0007439	GBNWN_004234-T1	
OG0007440	GBNWN_004237-T1	
OG0007441	GBNWN_004238-T1	
OG0007442	GBNWN_004244-T1	
OG0007443	GBNWN_004249-T1	
OG0007444	GBNWN_004256-T1	
OG0007445	GBNWN_004259-T1	
OG0007446	GBNWN_004288-T1	
OG0007447	GBNWN_004289-T1	
OG0007448	GBNWN_004297-T1	
OG0007449	GBNWN_004314-T1	
OG0007450	GBNWN_004340-T1	
OG0007451	GBNWN_004345-T1	
OG0007452	GBNWN_004347-T1	
OG0007453	GBNWN_004348-T1	
OG0007454	GBNWN_004352-T1	
OG0007455	GBNWN_004354-T1	
OG0007456	GBNWN_004378-T1	
OG0007457	GBNWN_004379-T1	
OG0007458	GBNWN_004383-T1	
OG0007459	GBNWN_004393-T1	
OG0007460	GBNWN_004405-T1	
OG0007461	GBNWN_004406-T1	
OG0007462	GBNWN_004411-T1	
OG0007463	GBNWN_004416-T1	
OG0007464	GBNWN_004422-T1	
OG0007465	GBNWN_004446-T1	
OG0007466	GBNWN_004450-T1	
OG0007467	GBNWN_004454-T1	
OG0007468	GBNWN_004464-T1	
OG0007469	GBNWN_004468-T1	
OG0007470	GBNWN_004473-T1	
OG0007471	GBNWN_004481-T1	
OG0007472	GBNWN_004492-T1	
OG0007473	GBNWN_004493-T1	
OG0007474	GBNWN_004508-T1	
OG0007475	GBNWN_004553-T1	
OG0007476	GBNWN_004578-T1	
OG0007477	GBNWN_004593-T1	
OG0007478	GBNWN_004623-T1	
OG0007479	GBNWN_004633-T1	
OG0007480	GBNWN_004642-T1	
OG0007481	GBNWN_004650-T1	
OG0007482	GBNWN_004654-T1	
OG0007483	GBNWN_004672-T1	
OG0007484	GBNWN_004682-T1	
OG0007485	GBNWN_004683-T1	
OG0007486	GBNWN_004684-T1	
OG0007487	GBNWN_004706-T1	
OG0007488	GBNWN_004721-T1	
OG0007489	GBNWN_004725-T1	
OG0007490	GBNWN_004728-T1	
OG0007491	GBNWN_004734-T1	
OG0007492	GBNWN_004735-T1	
OG0007493	GBNWN_004751-T1	
OG0007494	GBNWN_004761-T1	
OG0007495	GBNWN_004766-T1	
OG0007496	GBNWN_004769-T1	
OG0007497	GBNWN_004785-T1	
OG0007498	GBNWN_004789-T1	
OG0007499	GBNWN_004790-T1	
OG0007500	GBNWN_004808-T1	
OG0007501	GBNWN_004809-T1	
OG0007502	GBNWN_004812-T1	
OG0007503	GBNWN_004817-T1	
OG0007504	GBNWN_004821-T1	
OG0007505	GBNWN_004834-T1	
OG0007506	GBNWN_004837-T1	
OG0007507	GBNWN_004838-T1	
OG0007508	GBNWN_004854-T1	
OG0007509	GBNWN_004860-T1	
OG0007510	GBNWN_004867-T1	
OG0007511	GBNWN_004884-T1	
OG0007512	GBNWN_004904-T1	
OG0007513	GBNWN_004910-T1	
OG0007514	GBNWN_004927-T1	
OG0007515	GBNWN_004928-T1	
OG0007516	GBNWN_004952-T1	
OG0007517	GBNWN_004966-T1	
OG0007518	GBNWN_004970-T1	
OG0007519	GBNWN_004991-T1	
OG0007520	GBNWN_004997-T1	
OG0007521	GBNWN_005013-T1	
OG0007522	GBNWN_005022-T1	
OG0007523	GBNWN_005026-T1	
OG0007524	GBNWN_005039-T1	
OG0007525	GBNWN_005040-T1	
OG0007526	GBNWN_005047-T1	
OG0007527	GBNWN_005054-T1	
OG0007528	GBNWN_005059-T1	
OG0007529	GBNWN_005085-T1	
OG0007530	GBNWN_005099-T1	
OG0007531	GBNWN_005114-T1	
OG0007532	GBNWN_005122-T1	
OG0007533	GBNWN_005138-T1	
OG0007534	GBNWN_005152-T1	
OG0007535	GBNWN_005171-T1	
OG0007536	GBNWN_005177-T1	
OG0007537	GBNWN_005201-T1	
OG0007538	GBNWN_005202-T1	
OG0007539	GBNWN_005220-T1	
OG0007540	GBNWN_005243-T1	
OG0007541	GBNWN_005244-T1	
OG0007542	GBNWN_005247-T1	
OG0007543	GBNWN_005264-T1	
OG0007544	GBNWN_005272-T1	
OG0007545	GBNWN_005274-T1	
OG0007546	GBNWN_005276-T1	
OG0007547	GBNWN_005279-T1	
OG0007548	GBNWN_005289-T1	
OG0007549	GBNWN_005300-T1	
OG0007550	GBNWN_005309-T1	
OG0007551	GBNWN_005318-T1	
OG0007552	GBNWN_005330-T1	
OG0007553	GBNWN_005331-T1	
OG0007554	GBNWN_005340-T1	
OG0007555	GBNWN_005347-T1	
OG0007556	GBNWN_005355-T1	
OG0007557	GBNWN_005358-T1	
OG0007558	GBNWN_005373-T1	
OG0007559	GBNWN_005376-T1	
OG0007560	GBNWN_005389-T1	
OG0007561	GBNWN_005395-T1	
OG0007562	GBNWN_005397-T1	
OG0007563	GBNWN_005398-T1	
OG0007564	GBNWN_005399-T1	
OG0007565	GBNWN_005411-T1	
OG0007566	GBNWN_005415-T1	
OG0007567	GBNWN_005421-T1	
OG0007568	GBNWN_005422-T1	
OG0007569	GBNWN_005426-T1	
OG0007570	GBNWN_005427-T1	
OG0007571	GBNWN_005429-T1	
OG0007572	GBNWN_005434-T1	
OG0007573	GBNWN_005444-T1	
OG0007574	GBNWN_005450-T1	
OG0007575	GBNWN_005451-T1	
OG0007576	GBNWN_005456-T1	
OG0007577	GBNWN_005462-T1	
OG0007578	GBNWN_005465-T1	
OG0007579	GBNWN_005482-T1	
OG0007580	GBNWN_005493-T1	
OG0007581	GBNWN_005498-T1	
OG0007582	GBNWN_005503-T1	
OG0007583	GBNWN_005521-T1	
OG0007584	GBNWN_005523-T1	
OG0007585	GBNWN_005539-T1	
OG0007586	GBNWN_005547-T1	
OG0007587	GBNWN_005565-T1	
OG0007588	GBNWN_005581-T1	
OG0007589	GBNWN_005588-T1	
OG0007590	GBNWN_005599-T1	
OG0007591	GBNWN_005610-T1	
OG0007592	GBNWN_005652-T1	
OG0007593	GBNWN_005656-T1	
OG0007594	GBNWN_005666-T1	
OG0007595	GBNWN_005668-T1	
OG0007596	GBNWN_005674-T1	
OG0007597	GBNWN_005683-T1	
OG0007598	GBNWN_005727-T1	
OG0007599	GBNWN_005734-T1	
OG0007600	GBNWN_005748-T1	
OG0007601	GBNWN_005759-T1	
OG0007602	GBNWN_005775-T1	
OG0007603	GBNWN_005790-T1	
OG0007604	GBNWN_005804-T1	
OG0007605	GBNWN_005805-T1	
OG0007606	GBNWN_005819-T1	
OG0007607	GBNWN_005828-T1	
OG0007608	GBNWN_005844-T1	
OG0007609	GBNWN_005859-T1	
OG0007610	GBNWN_005880-T1	
OG0007611	GBNWN_005893-T1	
OG0007612	GBNWN_005918-T1	
OG0007613	GBNWN_005950-T1	
OG0007614	GBNWN_005955-T1	
OG0007615	GBNWN_005957-T1	
OG0007616	GBNWN_005964-T1	
OG0007617	GBNWN_005965-T1	
OG0007618	GBNWN_005981-T1	
OG0007619	GBNWN_005985-T1	
OG0007620	GBNWN_005988-T1	
OG0007621	GBNWN_006012-T1	
OG0007622	GBNWN_006015-T1	
OG0007623	GBNWN_006044-T1	
OG0007624	GBNWN_006055-T1	
OG0007625	GBNWN_006061-T1	
OG0007626	GBNWN_006073-T1	
OG0007627	GBNWN_006074-T1	
OG0007628	GBNWN_006077-T1	
OG0007629	GBNWN_006087-T1	
OG0007630	GBNWN_006089-T1	
OG0007631	GBNWN_006107-T1	
OG0007632	GBNWN_006113-T1	
OG0007633	GBNWN_006114-T1	
OG0007634	GBNWN_006115-T1	
OG0007635	GBNWN_006119-T1	
OG0007636	GBNWN_006124-T1	
OG0007637	GBNWN_006137-T1	
OG0007638	GBNWN_006139-T1	
OG0007639	GBNWN_006141-T1	
OG0007640	GBNWN_006149-T1	
OG0007641	GBNWN_006161-T1	
OG0007642	GBNWN_006166-T1	
OG0007643	GBNWN_006205-T1	
OG0007644	GBNWN_006259-T1	
OG0007645	GBNWN_006264-T1	
OG0007646	GBNWN_006286-T1	
OG0007647	GBNWN_006292-T1	
OG0007648	GBNWN_006293-T1	
OG0007649	GBNWN_006296-T1	
OG0007650	GBNWN_006298-T1	
OG0007651	GBNWN_006302-T1	
OG0007652	GBNWN_006322-T1	
OG0007653	GBNWN_006329-T1	
OG0007654	GBNWN_006351-T1	
OG0007655	GBNWN_006357-T1	
OG0007656	GBNWN_006363-T1	
OG0007657	GBNWN_006365-T1	
OG0007658	GBNWN_006366-T1	
OG0007659	GBNWN_006373-T1	
OG0007660	GBNWN_006374-T1	
OG0007661	GBNWN_006381-T1	
OG0007662	GBNWN_006383-T1	
OG0007663	GBNWN_006399-T1	
OG0007664	GBNWN_006410-T1	
OG0007665	GBNWN_006411-T1	
OG0007666	GBNWN_006440-T1	
OG0007667	GBNWN_006451-T1	
OG0007668	GBNWN_006473-T1	
OG0007669	GBNWN_006480-T1	
OG0007670	GBNWN_006481-T1	
OG0007671	GBNWN_006483-T1	
OG0007672	GBNWN_006508-T1	
OG0007673	GBNWN_006537-T1	
OG0007674	GBNWN_006539-T1	
OG0007675	GBNWN_006544-T1	
OG0007676	GBNWN_006551-T1	
OG0007677	GBNWN_006552-T1	
OG0007678	GBNWN_006558-T1	
OG0007679	GBNWN_006568-T1	
OG0007680	GBNWN_006581-T1	
OG0007681	GBNWN_006595-T1	
OG0007682	GBNWN_006626-T1	
OG0007683	GBNWN_006681-T1	
OG0007684	GBNWN_006711-T1	
OG0007685	GBNWN_006717-T1	
OG0007686	GBNWN_006730-T1	
OG0007687	GBNWN_006746-T1	
OG0007688	GBNWN_006750-T1	
OG0007689	GBNWN_006759-T1	
OG0007690	GBNWN_006774-T1	
OG0007691	GBNWN_006790-T1	
OG0007692	GBNWN_006800-T1	
OG0007693	GBNWN_006811-T1	
OG0007694	GBNWN_006814-T1	
OG0007695	GBNWN_006841-T1	
OG0007696	GBNWN_006847-T1	
OG0007697	GBNWN_006857-T1	
OG0007698	GBNWN_006862-T1	
OG0007699	GBNWN_006874-T1	
OG0007700	GBNWN_006875-T1	
OG0007701	GBNWN_006945-T1	
OG0007702	GBNWN_006952-T1	
OG0007703	GBNWN_006953-T1	
OG0007704	GBNWN_007005-T1	
OG0007705	GBNWN_007007-T1	
OG0007706	GBNWN_007019-T1	
OG0007707	GBNWN_007023-T1	
OG0007708	GBNWN_007024-T1	
OG0007709	GBNWN_007027-T1	
OG0007710	GBNWN_007032-T1	
OG0007711	GBNWN_007034-T1	
OG0007712	GBNWN_007072-T1	
OG0007713	GBNWN_007083-T1	
OG0007714	GBNWN_007085-T1	
OG0007715	GBNWN_007114-T1	
OG0007716	GBNWN_007116-T1	
OG0007717	GBNWN_007117-T1	
OG0007718	GBNWN_007135-T1	
OG0007719	GBNWN_007143-T1	
OG0007720	GBNWN_007144-T1	
OG0007721	GBNWN_007186-T1	
OG0007722	GBNWN_007188-T1	
OG0007723	GBNWN_007191-T1	
OG0007724	GBNWN_007206-T1	
OG0007725	GBNWN_007227-T1	
OG0007726	GBNWN_007237-T1	
OG0007727	GBNWN_007239-T1	
OG0007728	GBNWN_007252-T1	
OG0007729	GBNWN_007256-T1	
OG0007730	GBNWN_007259-T1	
OG0007731	GBNWN_007264-T1	
OG0007732	GBNWN_007307-T1	
OG0007733	GBNWN_007318-T1	
OG0007734	GBNWN_007324-T1	
OG0007735	GBNWN_007331-T1	
OG0007736	GBNWN_007360-T1	
OG0007737	GBNWN_007367-T1	
OG0007738	GBNWN_007368-T1	
OG0007739	GBNWN_007392-T1	
OG0007740	GBNWN_007396-T1	
OG0007741	GBNWN_007403-T1	
OG0007742	GBNWN_007450-T1	
OG0007743	GBNWN_007455-T1	
OG0007744	GBNWN_007490-T1	
OG0007745	GBNWN_007496-T1	
OG0007746	GBNWN_007525-T1	
OG0007747	GBNWN_007555-T1	
OG0007748	GBNWN_007585-T1	
OG0007749	GBNWN_007588-T1	
OG0007750	GBNWN_007589-T1	
OG0007751	GBNWN_007634-T1	
OG0007752	GBNWN_007636-T1	
OG0007753	GBNWN_007645-T1	
OG0007754	GBNWN_007650-T1	
OG0007755	GBNWN_007654-T1	
OG0007756	GBNWN_007674-T1	
OG0007757	GBNWN_007683-T1	
OG0007758	GBNWN_007691-T1	
OG0007759	GBNWN_007719-T1	
OG0007760	GBNWN_007722-T1	
OG0007761	GBNWN_007755-T1	
OG0007762	GBNWN_007785-T1	
OG0007763	GBNWN_007803-T1	
OG0007764	GBNWN_007807-T1	
OG0007765	GBNWN_007808-T1	
OG0007766	GBNWN_007812-T1	
OG0007767	GBNWN_007813-T1	
OG0007768	GBNWN_007815-T1	
OG0007769	GBNWN_007817-T1	
OG0007770	GBNWN_007818-T1	
OG0007771	GBNWN_007826-T1	
OG0007772	GBNWN_007833-T1	
OG0007773	GBNWN_007889-T1	
OG0007774	GBNWN_007917-T1	
OG0007775	GBNWN_007918-T1	
OG0007776	GBNWN_007931-T1	
OG0007777	GBNWN_007933-T1	
OG0007778	GBNWN_007939-T1	
OG0007779	GBNWN_007951-T1	
OG0007780	GBNWN_007961-T1	
OG0007781	GBNWN_007966-T1	
OG0007782	GBNWN_007970-T1	
OG0007783	GBNWN_007977-T1	
OG0007784	GBNWN_007985-T1	
OG0007785	GBNWN_007995-T1	
OG0007786	GBNWN_007996-T1	
OG0007787	GBNWN_008005-T1	
OG0007788	GBNWN_008014-T1	
OG0007789	GBNWN_008017-T1	
OG0007790	GBNWN_008021-T1	
OG0007791	GBNWN_008031-T1	
OG0007792	GBNWN_008036-T1	
OG0007793	GBNWN_008041-T1	
OG0007794	GBNWN_008046-T1	
OG0007795	GBNWN_008048-T1	
OG0007796	GBNWN_008051-T1	
OG0007797	GBNWN_008067-T1	
OG0007798	GBNWN_008085-T1	
OG0007799	GBNWN_008088-T1	
OG0007800	GBNWN_008098-T1	
OG0007801	GBNWN_008117-T1	
OG0007802	GBNWN_008172-T1	
OG0007803	GBNWN_008176-T1	
OG0007804	GBNWN_008185-T1	
OG0007805	GBNWN_008186-T1	
OG0007806	GBNWN_008191-T1	
OG0007807	GBNWN_008194-T1	
OG0007808	GBNWN_008207-T1	
OG0007809	GBNWN_008220-T1	
OG0007810	GBNWN_008221-T1	
OG0007811	GBNWN_008237-T1	
OG0007812	GBNWN_008245-T1	
OG0007813	GBNWN_008271-T1	
OG0007814	GBNWN_008286-T1	
OG0007815	GBNWN_008288-T1	
OG0007816	GBNWN_008294-T1	
OG0007817	GBNWN_008295-T1	
OG0007818	GBNWN_008307-T1	
OG0007819	GBNWN_008308-T1	
OG0007820	GBNWN_008312-T1	
OG0007821	GBNWN_008334-T1	
OG0007822	GBNWN_008336-T1	
OG0007823	GBNWN_008345-T1	
OG0007824	GBNWN_008350-T1	
OG0007825	GBNWN_008363-T1	
OG0007826	GBNWN_008381-T1	
OG0007827	GBNWN_008385-T1	
OG0007828	GBNWN_008395-T1	
OG0007829	GBNWN_008403-T1	
OG0007830	GBNWN_008411-T1	
OG0007831	GBNWN_008415-T1	
OG0007832	GBNWN_008421-T1	
OG0007833	GBNWN_008423-T1	
OG0007834	GBNWN_008435-T1	
OG0007835	GBNWN_008436-T1	
OG0007836	GBNWN_008458-T1	
OG0007837	GBNWN_008459-T1	
OG0007838	GBNWN_008460-T1	
OG0007839	GBNWN_008462-T1	
OG0007840	GBNWN_008469-T1	
OG0007841	GBNWN_008485-T1	
OG0007842	GBNWN_008487-T1	
OG0007843	GBNWN_008491-T1	
OG0007844	GBNWN_008494-T1	
OG0007845	GBNWN_008495-T1	
OG0007846	GBNWN_008499-T1	
OG0007847	GBNWN_008507-T1	
OG0007848	GBNWN_008511-T1	
OG0007849	GBNWN_008515-T1	
OG0007850	GBNWN_008518-T1	
OG0007851	GBNWN_008538-T1	
OG0007852	GBNWN_008541-T1	
OG0007853	GBNWN_008549-T1	
OG0007854	GBNWN_008556-T1	
OG0007855	GBNWN_008559-T1	
OG0007856	GBNWN_008561-T1	
OG0007857	GBNWN_008563-T1	
OG0007858	GBNWN_008584-T1	
OG0007859	GBNWN_008596-T1	
OG0007860	GBNWN_008597-T1	
OG0007861	GBNWN_008600-T1	
OG0007862	GBNWN_008603-T1	
OG0007863	GBNWN_008604-T1	
OG0007864	GBNWN_008607-T1	
OG0007865	GBNWN_008635-T1	
OG0007866	GBNWN_008637-T1	
OG0007867	GBNWN_008638-T1	
OG0007868	GBNWN_008658-T1	
OG0007869	GBNWN_008668-T1	
OG0007870	GBNWN_008682-T1	
OG0007871	GBNWN_008683-T1	
OG0007872	GBNWN_008687-T1	
OG0007873	GBNWN_008688-T1	
OG0007874	GBNWN_008691-T1	
OG0007875	GBNWN_008692-T1	
OG0007876	GBNWN_008713-T1	
OG0007877	GBNWN_008716-T1	
OG0007878	GBNWN_008719-T1	
OG0007879	GBNWN_008720-T1	
OG0007880	GBNWN_008727-T1	
OG0007881	GBNWN_008753-T1	
OG0007882	GBNWN_008776-T1	
OG0007883	GBNWN_008778-T1	
OG0007884	GBNWN_008787-T1	
OG0007885	GBNWN_008791-T1	
OG0007886	GBNWN_008805-T1	
OG0007887	GBNWN_008815-T1	
OG0007888	GBNWN_008816-T1	
OG0007889	GBNWN_008820-T1	
OG0007890	GBNWN_008821-T1	
OG0007891	GBNWN_008822-T1	
OG0007892	GBNWN_008851-T1	
OG0007893	GBNWN_008852-T1	
OG0007894	GBNWN_008853-T1	
OG0007895	GBNWN_008857-T1	
OG0007896	GBNWN_008867-T1	
OG0007897	GBNWN_008891-T1	
OG0007898	GBNWN_008913-T1	
OG0007899	GBNWN_008936-T1	
OG0007900	GBNWN_008940-T1	
OG0007901	GBNWN_008948-T1	
OG0007902	GBNWN_008964-T1	
OG0007903	GBNWN_008969-T1	
OG0007904	GBNWN_008973-T1	
OG0007905	GBNWN_008977-T1	
OG0007906	GBNWN_008978-T1	
OG0007907	GBNWN_009016-T1	
OG0007908	GBNWN_009018-T1	
OG0007909	GBNWN_009025-T1	
OG0007910	GBNWN_009042-T1	
OG0007911	GBNWN_009068-T1	
OG0007912	GBNWN_009069-T1	
OG0007913	GBNWN_009070-T1	
OG0007914	GBNWN_009074-T1	
OG0007915	GBNWN_009079-T1	
OG0007916	GBNWN_009081-T1	
OG0007917	GBNWN_009082-T1	
OG0007918	GBNWN_009089-T1	
OG0007919	GBNWN_009092-T1	
OG0007920	GBNWN_009100-T1	
OG0007921	GBNWN_009110-T1	
OG0007922	GBNWN_009114-T1	
OG0007923	GBNWN_009119-T1	
OG0007924	GBNWN_009121-T1	
OG0007925	GBNWN_009126-T1	
OG0007926	GBNWN_009129-T1	
OG0007927	GBNWN_009145-T1	
OG0007928	GBNWN_009151-T1	
OG0007929	GBNWN_009154-T1	
OG0007930	GBNWN_009161-T1	
OG0007931	GBNWN_009165-T1	
OG0007932	GBNWN_009177-T1	
OG0007933	GBNWN_009178-T1	
OG0007934	GBNWN_009181-T1	
OG0007935	GBNWN_009184-T1	
OG0007936	GBNWN_009194-T1	
OG0007937	GBNWN_009207-T1	
OG0007938	GBNWN_009219-T1	
OG0007939	GBNWN_009221-T1	
OG0007940	GBNWN_009225-T1	
OG0007941	GBNWN_009227-T1	
OG0007942	GBNWN_009230-T1	
OG0007943	GBNWN_009243-T1	
OG0007944	GBNWN_009248-T1	
OG0007945	GBNWN_009255-T1	
OG0007946	GBNWN_009257-T1	
OG0007947	GBNWN_009273-T1	
OG0007948	GBNWN_009280-T1	
OG0007949	GBNWN_009291-T1	
OG0007950	GBNWN_009293-T1	
OG0007951	GBNWN_009322-T1	
OG0007952	GBNWN_009325-T1	
OG0007953	GBNWN_009337-T1	
OG0007954	GBNWN_009342-T1	
OG0007955	GBNWN_009343-T1	
OG0007956	GBNWN_009354-T1	
OG0007957	GBNWN_009358-T1	
OG0007958	GBNWN_009377-T1	
OG0007959	GBNWN_009380-T1	
OG0007960	GBNWN_009398-T1	
OG0007961	GBNWN_009400-T1	
OG0007962	GBNWN_009401-T1	
OG0007963	GBNWN_009415-T1	
OG0007964	GBNWN_009417-T1	
OG0007965	GBNWN_009420-T1	
OG0007966	GBNWN_009423-T1	
OG0007967	GBNWN_009424-T1	
OG0007968	GBNWN_009425-T1	
OG0007969	GBNWN_009430-T1	
OG0007970	GBNWN_009431-T1	
OG0007971	GBNWN_009444-T1	
OG0007972	GBNWN_009445-T1	
OG0007973	GBNWN_009455-T1	
OG0007974	GBNWN_009459-T1	
OG0007975	GBNWN_009466-T1	
OG0007976	GBNWN_009471-T1	
OG0007977	GBNWN_009484-T1	
OG0007978	GBNWN_009486-T1	
OG0007979	GBNWN_009492-T1	
OG0007980	GBNWN_009493-T1	
OG0007981	GBNWN_009515-T1	
OG0007982	GBNWN_009522-T1	
OG0007983	GBNWN_009526-T1	
OG0007984	GBNWN_009529-T1	
OG0007985	GBNWN_009555-T1	
OG0007986	GBNWN_009581-T1	
OG0007987	GBNWN_009584-T1	
OG0007988	GBNWN_009585-T1	
OG0007989	GBNWN_009596-T1	
OG0007990	GBNWN_009604-T1	
OG0007991		GBNWO_000021-T1
OG0007992		GBNWO_000025-T1
OG0007993		GBNWO_000044-T1
OG0007994		GBNWO_000073-T1
OG0007995		GBNWO_000078-T1
OG0007996		GBNWO_000079-T1
OG0007997		GBNWO_000080-T1
OG0007998		GBNWO_000094-T1
OG0007999		GBNWO_000103-T1
OG0008000		GBNWO_000133-T1
OG0008001		GBNWO_000141-T1
OG0008002		GBNWO_000155-T1
OG0008003		GBNWO_000158-T1
OG0008004		GBNWO_000186-T1
OG0008005		GBNWO_000204-T1
OG0008006		GBNWO_000213-T1
OG0008007		GBNWO_000264-T1
OG0008008		GBNWO_000266-T1
OG0008009		GBNWO_000278-T1
OG0008010		GBNWO_000314-T1
OG0008011		GBNWO_000317-T1
OG0008012		GBNWO_000325-T1
OG0008013		GBNWO_000327-T1
OG0008014		GBNWO_000343-T1
OG0008015		GBNWO_000344-T1
OG0008016		GBNWO_000350-T1
OG0008017		GBNWO_000356-T1
OG0008018		GBNWO_000361-T1
OG0008019		GBNWO_000364-T1
OG0008020		GBNWO_000365-T1
OG0008021		GBNWO_000378-T1
OG0008022		GBNWO_000393-T1
OG0008023		GBNWO_000397-T1
OG0008024		GBNWO_000404-T1
OG0008025		GBNWO_000408-T1
OG0008026		GBNWO_000437-T1
OG0008027		GBNWO_000442-T1
OG0008028		GBNWO_000444-T1
OG0008029		GBNWO_000447-T1
OG0008030		GBNWO_000448-T1
OG0008031		GBNWO_000477-T1
OG0008032		GBNWO_000512-T1
OG0008033		GBNWO_000518-T1
OG0008034		GBNWO_000539-T1
OG0008035		GBNWO_000572-T1
OG0008036		GBNWO_000575-T1
OG0008037		GBNWO_000579-T1
OG0008038		GBNWO_000582-T1
OG0008039		GBNWO_000586-T1
OG0008040		GBNWO_000587-T1
OG0008041		GBNWO_000588-T1
OG0008042		GBNWO_000590-T1
OG0008043		GBNWO_000597-T1
OG0008044		GBNWO_000604-T1
OG0008045		GBNWO_000616-T1
OG0008046		GBNWO_000629-T1
OG0008047		GBNWO_000638-T1
OG0008048		GBNWO_000684-T1
OG0008049		GBNWO_000685-T1
OG0008050		GBNWO_000686-T1
OG0008051		GBNWO_000690-T1
OG0008052		GBNWO_000692-T1
OG0008053		GBNWO_000696-T1
OG0008054		GBNWO_000701-T1
OG0008055		GBNWO_000703-T1
OG0008056		GBNWO_000708-T1
OG0008057		GBNWO_000711-T1
OG0008058		GBNWO_000714-T1
OG0008059		GBNWO_000717-T1
OG0008060		GBNWO_000719-T1
OG0008061		GBNWO_000736-T1
OG0008062		GBNWO_000742-T1
OG0008063		GBNWO_000755-T1
OG0008064		GBNWO_000756-T1
OG0008065		GBNWO_000758-T1
OG0008066		GBNWO_000759-T1
OG0008067		GBNWO_000761-T1
OG0008068		GBNWO_000773-T1
OG0008069		GBNWO_000782-T1
OG0008070		GBNWO_000800-T1
OG0008071		GBNWO_000822-T1
OG0008072		GBNWO_000823-T1
OG0008073		GBNWO_000832-T1
OG0008074		GBNWO_000841-T1
OG0008075		GBNWO_000852-T1
OG0008076		GBNWO_000863-T1
OG0008077		GBNWO_000864-T1
OG0008078		GBNWO_000871-T1
OG0008079		GBNWO_000913-T1
OG0008080		GBNWO_000915-T1
OG0008081		GBNWO_000937-T1
OG0008082		GBNWO_000964-T1
OG0008083		GBNWO_000975-T1
OG0008084		GBNWO_000989-T1
OG0008085		GBNWO_000998-T1
OG0008086		GBNWO_001004-T1
OG0008087		GBNWO_001005-T1
OG0008088		GBNWO_001014-T1
OG0008089		GBNWO_001028-T1
OG0008090		GBNWO_001030-T1
OG0008091		GBNWO_001040-T1
OG0008092		GBNWO_001064-T1
OG0008093		GBNWO_001070-T1
OG0008094		GBNWO_001077-T1
OG0008095		GBNWO_001078-T1
OG0008096		GBNWO_001081-T1
OG0008097		GBNWO_001084-T1
OG0008098		GBNWO_001093-T1
OG0008099		GBNWO_001097-T1
OG0008100		GBNWO_001103-T1
OG0008101		GBNWO_001116-T1
OG0008102		GBNWO_001119-T1
OG0008103		GBNWO_001131-T1
OG0008104		GBNWO_001141-T1
OG0008105		GBNWO_001143-T1
OG0008106		GBNWO_001144-T1
OG0008107		GBNWO_001152-T1
OG0008108		GBNWO_001156-T1
OG0008109		GBNWO_001162-T1
OG0008110		GBNWO_001169-T1
OG0008111		GBNWO_001174-T1
OG0008112		GBNWO_001179-T1
OG0008113		GBNWO_001188-T1
OG0008114		GBNWO_001191-T1
OG0008115		GBNWO_001195-T1
OG0008116		GBNWO_001200-T1
OG0008117		GBNWO_001232-T1
OG0008118		GBNWO_001251-T1
OG0008119		GBNWO_001258-T1
OG0008120		GBNWO_001271-T1
OG0008121		GBNWO_001293-T1
OG0008122		GBNWO_001304-T1
OG0008123		GBNWO_001310-T1
OG0008124		GBNWO_001314-T1
OG0008125		GBNWO_001321-T1
OG0008126		GBNWO_001328-T1
OG0008127		GBNWO_001329-T1
OG0008128		GBNWO_001330-T1
OG0008129		GBNWO_001344-T1
OG0008130		GBNWO_001348-T1
OG0008131		GBNWO_001350-T1
OG0008132		GBNWO_001355-T1
OG0008133		GBNWO_001361-T1
OG0008134		GBNWO_001365-T1
OG0008135		GBNWO_001366-T1
OG0008136		GBNWO_001369-T1
OG0008137		GBNWO_001385-T1
OG0008138		GBNWO_001394-T1
OG0008139		GBNWO_001425-T1
OG0008140		GBNWO_001429-T1
OG0008141		GBNWO_001432-T1
OG0008142		GBNWO_001449-T1
OG0008143		GBNWO_001458-T1
OG0008144		GBNWO_001461-T1
OG0008145		GBNWO_001463-T1
OG0008146		GBNWO_001472-T1
OG0008147		GBNWO_001491-T1
OG0008148		GBNWO_001492-T1
OG0008149		GBNWO_001502-T1
OG0008150		GBNWO_001505-T1
OG0008151		GBNWO_001513-T1
OG0008152		GBNWO_001531-T1
OG0008153		GBNWO_001532-T1
OG0008154		GBNWO_001533-T1
OG0008155		GBNWO_001538-T1
OG0008156		GBNWO_001545-T1
OG0008157		GBNWO_001556-T1
OG0008158		GBNWO_001561-T1
OG0008159		GBNWO_001565-T1
OG0008160		GBNWO_001566-T1
OG0008161		GBNWO_001573-T1
OG0008162		GBNWO_001579-T1
OG0008163		GBNWO_001592-T1
OG0008164		GBNWO_001594-T1
OG0008165		GBNWO_001595-T1
OG0008166		GBNWO_001597-T1
OG0008167		GBNWO_001606-T1
OG0008168		GBNWO_001622-T1
OG0008169		GBNWO_001667-T1
OG0008170		GBNWO_001674-T1
OG0008171		GBNWO_001679-T1
OG0008172		GBNWO_001687-T1
OG0008173		GBNWO_001688-T1
OG0008174		GBNWO_001695-T1
OG0008175		GBNWO_001707-T1
OG0008176		GBNWO_001710-T1
OG0008177		GBNWO_001716-T1
OG0008178		GBNWO_001730-T1
OG0008179		GBNWO_001744-T1
OG0008180		GBNWO_001745-T1
OG0008181		GBNWO_001755-T1
OG0008182		GBNWO_001762-T1
OG0008183		GBNWO_001775-T1
OG0008184		GBNWO_001789-T1
OG0008185		GBNWO_001790-T1
OG0008186		GBNWO_001791-T1
OG0008187		GBNWO_001793-T1
OG0008188		GBNWO_001802-T1
OG0008189		GBNWO_001814-T1
OG0008190		GBNWO_001846-T1
OG0008191		GBNWO_001847-T1
OG0008192		GBNWO_001851-T1
OG0008193		GBNWO_001853-T1
OG0008194		GBNWO_001858-T1
OG0008195		GBNWO_001859-T1
OG0008196		GBNWO_001874-T1
OG0008197		GBNWO_001879-T1
OG0008198		GBNWO_001881-T1
OG0008199		GBNWO_001892-T1
OG0008200		GBNWO_001915-T1
OG0008201		GBNWO_001938-T1
OG0008202		GBNWO_001946-T1
OG0008203		GBNWO_001949-T1
OG0008204		GBNWO_001955-T1
OG0008205		GBNWO_001956-T1
OG0008206		GBNWO_001972-T1
OG0008207		GBNWO_001977-T1
OG0008208		GBNWO_001980-T1
OG0008209		GBNWO_001990-T1
OG0008210		GBNWO_002011-T1
OG0008211		GBNWO_002014-T1
OG0008212		GBNWO_002015-T1
OG0008213		GBNWO_002017-T1
OG0008214		GBNWO_002026-T1
OG0008215		GBNWO_002031-T1
OG0008216		GBNWO_002033-T1
OG0008217		GBNWO_002046-T1
OG0008218		GBNWO_002055-T1
OG0008219		GBNWO_002098-T1
OG0008220		GBNWO_002102-T1
OG0008221		GBNWO_002104-T1
OG0008222		GBNWO_002105-T1
OG0008223		GBNWO_002106-T1
OG0008224		GBNWO_002122-T1
OG0008225		GBNWO_002127-T1
OG0008226		GBNWO_002144-T1
OG0008227		GBNWO_002145-T1
OG0008228		GBNWO_002168-T1
OG0008229		GBNWO_002169-T1
OG0008230		GBNWO_002170-T1
OG0008231		GBNWO_002173-T1
OG0008232		GBNWO_002181-T1
OG0008233		GBNWO_002183-T1
OG0008234		GBNWO_002185-T1
OG0008235		GBNWO_002188-T1
OG0008236		GBNWO_002208-T1
OG0008237		GBNWO_002210-T1
OG0008238		GBNWO_002222-T1
OG0008239		GBNWO_002268-T1
OG0008240		GBNWO_002323-T1
OG0008241		GBNWO_002336-T1
OG0008242		GBNWO_002346-T1
OG0008243		GBNWO_002348-T1
OG0008244		GBNWO_002366-T1
OG0008245		GBNWO_002376-T1
OG0008246		GBNWO_002382-T1
OG0008247		GBNWO_002383-T1
OG0008248		GBNWO_002384-T1
OG0008249		GBNWO_002389-T1
OG0008250		GBNWO_002400-T1
OG0008251		GBNWO_002404-T1
OG0008252		GBNWO_002414-T1
OG0008253		GBNWO_002419-T1
OG0008254		GBNWO_002420-T1
OG0008255		GBNWO_002423-T1
OG0008256		GBNWO_002430-T1
OG0008257		GBNWO_002435-T1
OG0008258		GBNWO_002454-T1
OG0008259		GBNWO_002460-T1
OG0008260		GBNWO_002461-T1
OG0008261		GBNWO_002475-T1
OG0008262		GBNWO_002480-T1
OG0008263		GBNWO_002510-T1
OG0008264		GBNWO_002514-T1
OG0008265		GBNWO_002532-T1
OG0008266		GBNWO_002534-T1
OG0008267		GBNWO_002538-T1
OG0008268		GBNWO_002539-T1
OG0008269		GBNWO_002544-T1
OG0008270		GBNWO_002564-T1
OG0008271		GBNWO_002565-T1
OG0008272		GBNWO_002569-T1
OG0008273		GBNWO_002573-T1
OG0008274		GBNWO_002595-T1
OG0008275		GBNWO_002623-T1
OG0008276		GBNWO_002635-T1
OG0008277		GBNWO_002639-T1
OG0008278		GBNWO_002642-T1
OG0008279		GBNWO_002646-T1
OG0008280		GBNWO_002647-T1
OG0008281		GBNWO_002649-T1
OG0008282		GBNWO_002655-T1
OG0008283		GBNWO_002659-T1
OG0008284		GBNWO_002667-T1
OG0008285		GBNWO_002669-T1
OG0008286		GBNWO_002672-T1
OG0008287		GBNWO_002674-T1
OG0008288		GBNWO_002675-T1
OG0008289		GBNWO_002680-T1
OG0008290		GBNWO_002681-T1
OG0008291		GBNWO_002684-T1
OG0008292		GBNWO_002704-T1
OG0008293		GBNWO_002714-T1
OG0008294		GBNWO_002717-T1
OG0008295		GBNWO_002718-T1
OG0008296		GBNWO_002738-T1
OG0008297		GBNWO_002749-T1
OG0008298		GBNWO_002750-T1
OG0008299		GBNWO_002777-T1
OG0008300		GBNWO_002783-T1
OG0008301		GBNWO_002788-T1
OG0008302		GBNWO_002790-T1
OG0008303		GBNWO_002801-T1
OG0008304		GBNWO_002819-T1
OG0008305		GBNWO_002821-T1
OG0008306		GBNWO_002836-T1
OG0008307		GBNWO_002838-T1
OG0008308		GBNWO_002843-T1
OG0008309		GBNWO_002872-T1
OG0008310		GBNWO_002915-T1
OG0008311		GBNWO_002932-T1
OG0008312		GBNWO_002940-T1
OG0008313		GBNWO_002945-T1
OG0008314		GBNWO_002954-T1
OG0008315		GBNWO_002996-T1
OG0008316		GBNWO_002997-T1
OG0008317		GBNWO_003001-T1
OG0008318		GBNWO_003019-T1
OG0008319		GBNWO_003028-T1
OG0008320		GBNWO_003062-T1
OG0008321		GBNWO_003063-T1
OG0008322		GBNWO_003065-T1
OG0008323		GBNWO_003068-T1
OG0008324		GBNWO_003071-T1
OG0008325		GBNWO_003074-T1
OG0008326		GBNWO_003091-T1
OG0008327		GBNWO_003093-T1
OG0008328		GBNWO_003097-T1
OG0008329		GBNWO_003098-T1
OG0008330		GBNWO_003099-T1
OG0008331		GBNWO_003121-T1
OG0008332		GBNWO_003122-T1
OG0008333		GBNWO_003152-T1
OG0008334		GBNWO_003154-T1
OG0008335		GBNWO_003155-T1
OG0008336		GBNWO_003160-T1
OG0008337		GBNWO_003176-T1
OG0008338		GBNWO_003177-T1
OG0008339		GBNWO_003182-T1
OG0008340		GBNWO_003190-T1
OG0008341		GBNWO_003202-T1
OG0008342		GBNWO_003204-T1
OG0008343		GBNWO_003205-T1
OG0008344		GBNWO_003218-T1
OG0008345		GBNWO_003219-T1
OG0008346		GBNWO_003220-T1
OG0008347		GBNWO_003228-T1
OG0008348		GBNWO_003230-T1
OG0008349		GBNWO_003238-T1
OG0008350		GBNWO_003244-T1
OG0008351		GBNWO_003253-T1
OG0008352		GBNWO_003266-T1
OG0008353		GBNWO_003267-T1
OG0008354		GBNWO_003276-T1
OG0008355		GBNWO_003279-T1
OG0008356		GBNWO_003280-T1
OG0008357		GBNWO_003282-T1
OG0008358		GBNWO_003291-T1
OG0008359		GBNWO_003297-T1
OG0008360		GBNWO_003299-T1
OG0008361		GBNWO_003303-T1
OG0008362		GBNWO_003321-T1
OG0008363		GBNWO_003323-T1
OG0008364		GBNWO_003329-T1
OG0008365		GBNWO_003339-T1
OG0008366		GBNWO_003345-T1
OG0008367		GBNWO_003348-T1
OG0008368		GBNWO_003353-T1
OG0008369		GBNWO_003355-T1
OG0008370		GBNWO_003381-T1
OG0008371		GBNWO_003386-T1
OG0008372		GBNWO_003399-T1
OG0008373		GBNWO_003406-T1
OG0008374		GBNWO_003407-T1
OG0008375		GBNWO_003412-T1
OG0008376		GBNWO_003414-T1
OG0008377		GBNWO_003442-T1
OG0008378		GBNWO_003444-T1
OG0008379		GBNWO_003448-T1
OG0008380		GBNWO_003459-T1
OG0008381		GBNWO_003469-T1
OG0008382		GBNWO_003476-T1
OG0008383		GBNWO_003481-T1
OG0008384		GBNWO_003484-T1
OG0008385		GBNWO_003487-T1
OG0008386		GBNWO_003490-T1
OG0008387		GBNWO_003505-T1
OG0008388		GBNWO_003506-T1
OG0008389		GBNWO_003508-T1
OG0008390		GBNWO_003511-T1
OG0008391		GBNWO_003513-T1
OG0008392		GBNWO_003514-T1
OG0008393		GBNWO_003516-T1
OG0008394		GBNWO_003521-T1
OG0008395		GBNWO_003526-T1
OG0008396		GBNWO_003531-T1
OG0008397		GBNWO_003540-T1
OG0008398		GBNWO_003541-T1
OG0008399		GBNWO_003546-T1
OG0008400		GBNWO_003552-T1
OG0008401		GBNWO_003553-T1
OG0008402		GBNWO_003558-T1
OG0008403		GBNWO_003573-T1
OG0008404		GBNWO_003574-T1
OG0008405		GBNWO_003575-T1
OG0008406		GBNWO_003580-T1
OG0008407		GBNWO_003593-T1
OG0008408		GBNWO_003598-T1
OG0008409		GBNWO_003609-T1
OG0008410		GBNWO_003612-T1
OG0008411		GBNWO_003618-T1
OG0008412		GBNWO_003620-T1
OG0008413		GBNWO_003623-T1
OG0008414		GBNWO_003624-T1
OG0008415		GBNWO_003632-T1
OG0008416		GBNWO_003647-T1
OG0008417		GBNWO_003659-T1
OG0008418		GBNWO_003661-T1
OG0008419		GBNWO_003665-T1
OG0008420		GBNWO_003669-T1
OG0008421		GBNWO_003670-T1
OG0008422		GBNWO_003675-T1
OG0008423		GBNWO_003679-T1
OG0008424		GBNWO_003709-T1
OG0008425		GBNWO_003718-T1
OG0008426		GBNWO_003723-T1
OG0008427		GBNWO_003726-T1
OG0008428		GBNWO_003728-T1
OG0008429		GBNWO_003730-T1
OG0008430		GBNWO_003731-T1
OG0008431		GBNWO_003734-T1
OG0008432		GBNWO_003735-T1
OG0008433		GBNWO_003737-T1
OG0008434		GBNWO_003744-T1
OG0008435		GBNWO_003745-T1
OG0008436		GBNWO_003747-T1
OG0008437		GBNWO_003753-T1
OG0008438		GBNWO_003766-T1
OG0008439		GBNWO_003768-T1
OG0008440		GBNWO_003775-T1
OG0008441		GBNWO_003789-T1
OG0008442		GBNWO_003790-T1
OG0008443		GBNWO_003795-T1
OG0008444		GBNWO_003798-T1
OG0008445		GBNWO_003801-T1
OG0008446		GBNWO_003804-T1
OG0008447		GBNWO_003805-T1
OG0008448		GBNWO_003813-T1
OG0008449		GBNWO_003818-T1
OG0008450		GBNWO_003832-T1
OG0008451		GBNWO_003850-T1
OG0008452		GBNWO_003857-T1
OG0008453		GBNWO_003867-T1
OG0008454		GBNWO_003868-T1
OG0008455		GBNWO_003872-T1
OG0008456		GBNWO_003877-T1
OG0008457		GBNWO_003887-T1
OG0008458		GBNWO_003893-T1
OG0008459		GBNWO_003894-T1
OG0008460		GBNWO_003896-T1
OG0008461		GBNWO_003898-T1
OG0008462		GBNWO_003900-T1
OG0008463		GBNWO_003904-T1
OG0008464		GBNWO_003908-T1
OG0008465		GBNWO_003910-T1
OG0008466		GBNWO_003924-T1
OG0008467		GBNWO_003925-T1
OG0008468		GBNWO_003933-T1
OG0008469		GBNWO_003935-T1
OG0008470		GBNWO_003942-T1
OG0008471		GBNWO_003952-T1
OG0008472		GBNWO_003954-T1
OG0008473		GBNWO_003955-T1
OG0008474		GBNWO_003956-T1
OG0008475		GBNWO_003960-T1
OG0008476		GBNWO_003986-T1
OG0008477		GBNWO_003993-T1
OG0008478		GBNWO_004010-T1
OG0008479		GBNWO_004029-T1
OG0008480		GBNWO_004043-T1
OG0008481		GBNWO_004053-T1
OG0008482		GBNWO_004054-T1
OG0008483		GBNWO_004059-T1
OG0008484		GBNWO_004063-T1
OG0008485		GBNWO_004077-T1
OG0008486		GBNWO_004079-T1
OG0008487		GBNWO_004089-T1
OG0008488		GBNWO_004101-T1
OG0008489		GBNWO_004103-T1
OG0008490		GBNWO_004104-T1
OG0008491		GBNWO_004119-T1
OG0008492		GBNWO_004121-T1
OG0008493		GBNWO_004123-T1
OG0008494		GBNWO_004140-T1
OG0008495		GBNWO_004145-T1
OG0008496		GBNWO_004147-T1
OG0008497		GBNWO_004157-T1
OG0008498		GBNWO_004160-T1
OG0008499		GBNWO_004176-T1
OG0008500		GBNWO_004179-T1
OG0008501		GBNWO_004188-T1
OG0008502		GBNWO_004191-T1
OG0008503		GBNWO_004192-T1
OG0008504		GBNWO_004194-T1
OG0008505		GBNWO_004198-T1
OG0008506		GBNWO_004207-T1
OG0008507		GBNWO_004211-T1
OG0008508		GBNWO_004216-T1
OG0008509		GBNWO_004217-T1
OG0008510		GBNWO_004224-T1
OG0008511		GBNWO_004231-T1
OG0008512		GBNWO_004233-T1
OG0008513		GBNWO_004235-T1
OG0008514		GBNWO_004242-T1
OG0008515		GBNWO_004243-T1
OG0008516		GBNWO_004246-T1
OG0008517		GBNWO_004247-T1
OG0008518		GBNWO_004251-T1
OG0008519		GBNWO_004261-T1
OG0008520		GBNWO_004263-T1
OG0008521		GBNWO_004267-T1
OG0008522		GBNWO_004271-T1
OG0008523		GBNWO_004275-T1
OG0008524		GBNWO_004278-T1
OG0008525		GBNWO_004280-T1
OG0008526		GBNWO_004287-T1
OG0008527		GBNWO_004290-T1
OG0008528		GBNWO_004295-T1
OG0008529		GBNWO_004307-T1
OG0008530		GBNWO_004311-T1
OG0008531		GBNWO_004313-T1
OG0008532		GBNWO_004321-T1
OG0008533		GBNWO_004328-T1
OG0008534		GBNWO_004330-T1
OG0008535		GBNWO_004339-T1
OG0008536		GBNWO_004341-T1
OG0008537		GBNWO_004343-T1
OG0008538		GBNWO_004345-T1
OG0008539		GBNWO_004346-T1
OG0008540		GBNWO_004349-T1
OG0008541		GBNWO_004350-T1
OG0008542		GBNWO_004356-T1
OG0008543		GBNWO_004358-T1
OG0008544		GBNWO_004360-T1
OG0008545		GBNWO_004373-T1
OG0008546		GBNWO_004384-T1
OG0008547		GBNWO_004389-T1
OG0008548		GBNWO_004395-T1
OG0008549		GBNWO_004396-T1
OG0008550		GBNWO_004425-T1
OG0008551		GBNWO_004428-T1
OG0008552		GBNWO_004432-T1
OG0008553		GBNWO_004438-T1
OG0008554		GBNWO_004443-T1
OG0008555		GBNWO_004445-T1
OG0008556		GBNWO_004446-T1
OG0008557		GBNWO_004447-T1
OG0008558		GBNWO_004454-T1
OG0008559		GBNWO_004457-T1
OG0008560		GBNWO_004468-T1
OG0008561		GBNWO_004469-T1
OG0008562		GBNWO_004474-T1
OG0008563		GBNWO_004476-T1
OG0008564		GBNWO_004485-T1
OG0008565		GBNWO_004489-T1
OG0008566		GBNWO_004490-T1
OG0008567		GBNWO_004491-T1
OG0008568		GBNWO_004494-T1
OG0008569		GBNWO_004512-T1
OG0008570		GBNWO_004519-T1
OG0008571		GBNWO_004537-T1
OG0008572		GBNWO_004541-T1
OG0008573		GBNWO_004553-T1
OG0008574		GBNWO_004554-T1
OG0008575		GBNWO_004555-T1
OG0008576		GBNWO_004558-T1
OG0008577		GBNWO_004559-T1
OG0008578		GBNWO_004560-T1
OG0008579		GBNWO_004561-T1
OG0008580		GBNWO_004564-T1
OG0008581		GBNWO_004565-T1
OG0008582		GBNWO_004573-T1
OG0008583		GBNWO_004595-T1
OG0008584		GBNWO_004603-T1
OG0008585		GBNWO_004606-T1
OG0008586		GBNWO_004618-T1
OG0008587		GBNWO_004619-T1
OG0008588		GBNWO_004620-T1
OG0008589		GBNWO_004621-T1
OG0008590		GBNWO_004622-T1
OG0008591		GBNWO_004633-T1
OG0008592		GBNWO_004636-T1
OG0008593		GBNWO_004645-T1
OG0008594		GBNWO_004648-T1
OG0008595		GBNWO_004649-T1
OG0008596		GBNWO_004657-T1
OG0008597		GBNWO_004659-T1
OG0008598		GBNWO_004660-T1
OG0008599		GBNWO_004662-T1
OG0008600		GBNWO_004663-T1
OG0008601		GBNWO_004674-T1
OG0008602		GBNWO_004690-T1
OG0008603		GBNWO_004691-T1
OG0008604		GBNWO_004694-T1
OG0008605		GBNWO_004695-T1
OG0008606		GBNWO_004703-T1
OG0008607		GBNWO_004706-T1
OG0008608		GBNWO_004721-T1
OG0008609		GBNWO_004722-T1
OG0008610		GBNWO_004723-T1
OG0008611		GBNWO_004742-T1
OG0008612		GBNWO_004750-T1
OG0008613		GBNWO_004752-T1
OG0008614		GBNWO_004756-T1
OG0008615		GBNWO_004775-T1
OG0008616		GBNWO_004778-T1
OG0008617		GBNWO_004780-T1
OG0008618		GBNWO_004790-T1
OG0008619		GBNWO_004791-T1
OG0008620		GBNWO_004792-T1
OG0008621		GBNWO_004795-T1
OG0008622		GBNWO_004798-T1
OG0008623		GBNWO_004807-T1
OG0008624		GBNWO_004813-T1
OG0008625		GBNWO_004817-T1
OG0008626		GBNWO_004824-T1
OG0008627		GBNWO_004825-T1
OG0008628		GBNWO_004827-T1
OG0008629		GBNWO_004828-T1
OG0008630		GBNWO_004830-T1
OG0008631		GBNWO_004838-T1
OG0008632		GBNWO_004839-T1
OG0008633		GBNWO_004840-T1
OG0008634		GBNWO_004841-T1
OG0008635		GBNWO_004843-T1
OG0008636		GBNWO_004845-T1
OG0008637		GBNWO_004860-T1
OG0008638		GBNWO_004866-T1
OG0008639		GBNWO_004867-T1
OG0008640		GBNWO_004877-T1
OG0008641		GBNWO_004885-T1
OG0008642		GBNWO_004890-T1
OG0008643		GBNWO_004901-T1
OG0008644		GBNWO_004905-T1
OG0008645		GBNWO_004907-T1
OG0008646		GBNWO_004908-T1
OG0008647		GBNWO_004916-T1
OG0008648		GBNWO_004920-T1
OG0008649		GBNWO_004921-T1
OG0008650		GBNWO_004923-T1
OG0008651		GBNWO_004927-T1
OG0008652		GBNWO_004936-T1
OG0008653		GBNWO_004942-T1
OG0008654		GBNWO_004943-T1
OG0008655		GBNWO_004967-T1
OG0008656		GBNWO_004968-T1
OG0008657		GBNWO_004973-T1
OG0008658		GBNWO_004975-T1
OG0008659		GBNWO_004985-T1
OG0008660		GBNWO_004986-T1
OG0008661		GBNWO_004988-T1
OG0008662		GBNWO_004989-T1
OG0008663		GBNWO_004992-T1
OG0008664		GBNWO_004996-T1
OG0008665		GBNWO_004997-T1
OG0008666		GBNWO_004998-T1
OG0008667		GBNWO_005003-T1
OG0008668		GBNWO_005004-T1
OG0008669		GBNWO_005005-T1
OG0008670		GBNWO_005012-T1
OG0008671		GBNWO_005013-T1
OG0008672		GBNWO_005014-T1
OG0008673		GBNWO_005019-T1
OG0008674		GBNWO_005028-T1
OG0008675		GBNWO_005030-T1
OG0008676		GBNWO_005034-T1
OG0008677		GBNWO_005045-T1
OG0008678		GBNWO_005047-T1
OG0008679		GBNWO_005048-T1
OG0008680		GBNWO_005050-T1
OG0008681		GBNWO_005052-T1
OG0008682		GBNWO_005053-T1
OG0008683		GBNWO_005064-T1
OG0008684		GBNWO_005084-T1
OG0008685		GBNWO_005086-T1
OG0008686		GBNWO_005087-T1
OG0008687		GBNWO_005088-T1
OG0008688		GBNWO_005092-T1
OG0008689		GBNWO_005095-T1
OG0008690		GBNWO_005097-T1
OG0008691		GBNWO_005098-T1
OG0008692		GBNWO_005100-T1
OG0008693		GBNWO_005108-T1
OG0008694		GBNWO_005114-T1
OG0008695		GBNWO_005116-T1
OG0008696		GBNWO_005117-T1
OG0008697		GBNWO_005122-T1
OG0008698		GBNWO_005124-T1
OG0008699		GBNWO_005125-T1
OG0008700		GBNWO_005128-T1
OG0008701		GBNWO_005129-T1
OG0008702		GBNWO_005138-T1
OG0008703		GBNWO_005139-T1
OG0008704		GBNWO_005140-T1
OG0008705		GBNWO_005141-T1
OG0008706		GBNWO_005142-T1
OG0008707		GBNWO_005151-T1
OG0008708		GBNWO_005154-T1
OG0008709		GBNWO_005157-T1
OG0008710		GBNWO_005162-T1
OG0008711		GBNWO_005163-T1
OG0008712		GBNWO_005166-T1
OG0008713		GBNWO_005171-T1
OG0008714		GBNWO_005181-T1
OG0008715		GBNWO_005183-T1
OG0008716		GBNWO_005187-T1
OG0008717		GBNWO_005194-T1
OG0008718		GBNWO_005195-T1
OG0008719		GBNWO_005197-T1
OG0008720		GBNWO_005205-T1
OG0008721		GBNWO_005206-T1
OG0008722		GBNWO_005207-T1
OG0008723		GBNWO_005209-T1
OG0008724		GBNWO_005240-T1
OG0008725		GBNWO_005259-T1
OG0008726		GBNWO_005264-T1
OG0008727		GBNWO_005270-T1
OG0008728		GBNWO_005271-T1
OG0008729		GBNWO_005274-T1
OG0008730		GBNWO_005275-T1
OG0008731		GBNWO_005276-T1
OG0008732		GBNWO_005281-T1
OG0008733		GBNWO_005282-T1
OG0008734		GBNWO_005283-T1
OG0008735		GBNWO_005287-T1
OG0008736		GBNWO_005298-T1
OG0008737		GBNWO_005317-T1
OG0008738		GBNWO_005321-T1
OG0008739		GBNWO_005323-T1
OG0008740		GBNWO_005324-T1
OG0008741		GBNWO_005332-T1
OG0008742		GBNWO_005333-T1
OG0008743		GBNWO_005334-T1
OG0008744		GBNWO_005342-T1
OG0008745		GBNWO_005344-T1
OG0008746		GBNWO_005361-T1
OG0008747		GBNWO_005367-T1
OG0008748		GBNWO_005376-T1
OG0008749		GBNWO_005379-T1
OG0008750		GBNWO_005398-T1
OG0008751		GBNWO_005402-T1
OG0008752		GBNWO_005407-T1
OG0008753		GBNWO_005413-T1
OG0008754		GBNWO_005424-T1
OG0008755		GBNWO_005425-T1
OG0008756		GBNWO_005426-T1
OG0008757		GBNWO_005427-T1
OG0008758		GBNWO_005428-T1
OG0008759		GBNWO_005439-T1
OG0008760		GBNWO_005447-T1
OG0008761		GBNWO_005451-T1
OG0008762		GBNWO_005456-T1
OG0008763		GBNWO_005457-T1
OG0008764		GBNWO_005460-T1
OG0008765		GBNWO_005465-T1
OG0008766		GBNWO_005466-T1
OG0008767		GBNWO_005468-T1
OG0008768		GBNWO_005469-T1
OG0008769		GBNWO_005470-T1
OG0008770		GBNWO_005471-T1
OG0008771		GBNWO_005476-T1
OG0008772		GBNWO_005477-T1
OG0008773		GBNWO_005478-T1
OG0008774		GBNWO_005481-T1
OG0008775		GBNWO_005482-T1
OG0008776		GBNWO_005483-T1
OG0008777		GBNWO_005490-T1
OG0008778		GBNWO_005491-T1
OG0008779		GBNWO_005494-T1
OG0008780		GBNWO_005501-T1
OG0008781		GBNWO_005504-T1
OG0008782		GBNWO_005515-T1
OG0008783		GBNWO_005517-T1
OG0008784		GBNWO_005518-T1
OG0008785		GBNWO_005520-T1
OG0008786		GBNWO_005528-T1
OG0008787		GBNWO_005529-T1
OG0008788		GBNWO_005530-T1
OG0008789		GBNWO_005535-T1
OG0008790		GBNWO_005549-T1
OG0008791		GBNWO_005558-T1
OG0008792		GBNWO_005559-T1
OG0008793		GBNWO_005561-T1
OG0008794		GBNWO_005562-T1
OG0008795		GBNWO_005563-T1
OG0008796		GBNWO_005565-T1
OG0008797		GBNWO_005570-T1
OG0008798		GBNWO_005572-T1
OG0008799		GBNWO_005573-T1
OG0008800		GBNWO_005584-T1
OG0008801		GBNWO_005593-T1
OG0008802		GBNWO_005594-T1
OG0008803		GBNWO_005595-T1
OG0008804		GBNWO_005597-T1
OG0008805		GBNWO_005598-T1
OG0008806		GBNWO_005607-T1
OG0008807		GBNWO_005609-T1
OG0008808		GBNWO_005613-T1
OG0008809		GBNWO_005619-T1
OG0008810		GBNWO_005620-T1
OG0008811		GBNWO_005621-T1
OG0008812		GBNWO_005622-T1
OG0008813		GBNWO_005623-T1
OG0008814		GBNWO_005624-T1
OG0008815		GBNWO_005636-T1
OG0008816		GBNWO_005638-T1
OG0008817		GBNWO_005639-T1
OG0008818		GBNWO_005641-T1
OG0008819		GBNWO_005642-T1
OG0008820		GBNWO_005649-T1
OG0008821		GBNWO_005651-T1
OG0008822		GBNWO_005652-T1
OG0008823		GBNWO_005661-T1
OG0008824		GBNWO_005663-T1
OG0008825		GBNWO_005667-T1
OG0008826		GBNWO_005675-T1
OG0008827		GBNWO_005676-T1
OG0008828		GBNWO_005677-T1
OG0008829		GBNWO_005678-T1
OG0008830		GBNWO_005682-T1
OG0008831		GBNWO_005684-T1
OG0008832		GBNWO_005708-T1
OG0008833		GBNWO_005710-T1
OG0008834		GBNWO_005719-T1
OG0008835		GBNWO_005722-T1
OG0008836		GBNWO_005724-T1
OG0008837		GBNWO_005735-T1
OG0008838		GBNWO_005737-T1
OG0008839		GBNWO_005746-T1
OG0008840		GBNWO_005756-T1
OG0008841		GBNWO_005757-T1
OG0008842		GBNWO_005759-T1
OG0008843		GBNWO_005799-T1
OG0008844		GBNWO_005821-T1
OG0008845		GBNWO_005822-T1
OG0008846		GBNWO_005876-T1
OG0008847		GBNWO_005883-T1
OG0008848		GBNWO_005888-T1
OG0008849		GBNWO_005894-T1
OG0008850		GBNWO_005898-T1
OG0008851		GBNWO_005909-T1
OG0008852		GBNWO_005952-T1
OG0008853		GBNWO_005957-T1
OG0008854		GBNWO_005958-T1
OG0008855		GBNWO_005981-T1
OG0008856		GBNWO_005998-T1
OG0008857		GBNWO_006077-T1
OG0008858		GBNWO_006087-T1
OG0008859		GBNWO_006104-T1
OG0008860		GBNWO_006122-T1
OG0008861		GBNWO_006133-T1
OG0008862		GBNWO_006134-T1
OG0008863		GBNWO_006145-T1
OG0008864		GBNWO_006147-T1
OG0008865		GBNWO_006149-T1
OG0008866		GBNWO_006157-T1
OG0008867		GBNWO_006160-T1
OG0008868		GBNWO_006177-T1
OG0008869		GBNWO_006188-T1
OG0008870		GBNWO_006213-T1
OG0008871		GBNWO_006215-T1
OG0008872		GBNWO_006218-T1
OG0008873		GBNWO_006220-T1
OG0008874		GBNWO_006233-T1
OG0008875		GBNWO_006253-T1
OG0008876		GBNWO_006284-T1
OG0008877		GBNWO_006311-T1
OG0008878		GBNWO_006325-T1
OG0008879		GBNWO_006361-T1
OG0008880		GBNWO_006362-T1
OG0008881		GBNWO_006365-T1
OG0008882		GBNWO_006378-T1
OG0008883		GBNWO_006385-T1
OG0008884		GBNWO_006386-T1
OG0008885		GBNWO_006401-T1
OG0008886		GBNWO_006402-T1
OG0008887		GBNWO_006403-T1
OG0008888		GBNWO_006408-T1
OG0008889		GBNWO_006418-T1
OG0008890		GBNWO_006423-T1
OG0008891		GBNWO_006459-T1
OG0008892		GBNWO_006469-T1
OG0008893		GBNWO_006470-T1
OG0008894		GBNWO_006476-T1
OG0008895		GBNWO_006499-T1
OG0008896		GBNWO_006508-T1
OG0008897		GBNWO_006528-T1
OG0008898		GBNWO_006551-T1
OG0008899		GBNWO_006596-T1
OG0008900		GBNWO_006605-T1
OG0008901		GBNWO_006609-T1
OG0008902		GBNWO_006628-T1
OG0008903		GBNWO_006637-T1
OG0008904		GBNWO_006647-T1
OG0008905		GBNWO_006651-T1
OG0008906		GBNWO_006656-T1
OG0008907		GBNWO_006670-T1
OG0008908		GBNWO_006694-T1
OG0008909		GBNWO_006708-T1
OG0008910		GBNWO_006728-T1
OG0008911		GBNWO_006766-T1
OG0008912		GBNWO_006773-T1
OG0008913		GBNWO_006774-T1
OG0008914		GBNWO_006783-T1
OG0008915		GBNWO_006788-T1
OG0008916		GBNWO_006799-T1
OG0008917		GBNWO_006808-T1
OG0008918		GBNWO_006817-T1
OG0008919		GBNWO_006846-T1
OG0008920		GBNWO_006847-T1
OG0008921		GBNWO_006858-T1
OG0008922		GBNWO_006869-T1
OG0008923		GBNWO_006887-T1
OG0008924		GBNWO_006898-T1
OG0008925		GBNWO_006919-T1
OG0008926		GBNWO_006926-T1
OG0008927		GBNWO_006937-T1
OG0008928		GBNWO_006982-T1
OG0008929		GBNWO_006987-T1
OG0008930		GBNWO_006990-T1
OG0008931		GBNWO_007026-T1
OG0008932		GBNWO_007034-T1
OG0008933		GBNWO_007044-T1
OG0008934		GBNWO_007049-T1
OG0008935		GBNWO_007050-T1
OG0008936		GBNWO_007057-T1
OG0008937		GBNWO_007061-T1
OG0008938		GBNWO_007086-T1
OG0008939		GBNWO_007105-T1
OG0008940		GBNWO_007128-T1
OG0008941		GBNWO_007145-T1
OG0008942		GBNWO_007146-T1
OG0008943		GBNWO_007152-T1
OG0008944		GBNWO_007215-T1
OG0008945		GBNWO_007242-T1
OG0008946		GBNWO_007243-T1
OG0008947		GBNWO_007252-T1
OG0008948		GBNWO_007256-T1
OG0008949		GBNWO_007268-T1
OG0008950		GBNWO_007269-T1
OG0008951		GBNWO_007284-T1
OG0008952		GBNWO_007294-T1
OG0008953		GBNWO_007297-T1
OG0008954		GBNWO_007312-T1
OG0008955		GBNWO_007380-T1
OG0008956		GBNWO_007390-T1
OG0008957		GBNWO_007393-T1
OG0008958		GBNWO_007402-T1
OG0008959		GBNWO_007416-T1
OG0008960		GBNWO_007424-T1
OG0008961		GBNWO_007425-T1
OG0008962		GBNWO_007429-T1
OG0008963		GBNWO_007444-T1
OG0008964		GBNWO_007458-T1
OG0008965		GBNWO_007473-T1
OG0008966		GBNWO_007484-T1
OG0008967		GBNWO_007485-T1
OG0008968		GBNWO_007503-T1
OG0008969		GBNWO_007505-T1
OG0008970		GBNWO_007529-T1
OG0008971		GBNWO_007534-T1
OG0008972		GBNWO_007541-T1
OG0008973		GBNWO_007547-T1
OG0008974		GBNWO_007549-T1
OG0008975		GBNWO_007594-T1
OG0008976		GBNWO_007614-T1
OG0008977		GBNWO_007618-T1
OG0008978		GBNWO_007620-T1
OG0008979		GBNWO_007627-T1
OG0008980		GBNWO_007646-T1
OG0008981		GBNWO_007648-T1
OG0008982		GBNWO_007651-T1
OG0008983		GBNWO_007655-T1
OG0008984		GBNWO_007657-T1
OG0008985		GBNWO_007694-T1
OG0008986		GBNWO_007695-T1
OG0008987		GBNWO_007697-T1
OG0008988		GBNWO_007698-T1
OG0008989		GBNWO_007707-T1
OG0008990		GBNWO_007726-T1
OG0008991		GBNWO_007727-T1
OG0008992		GBNWO_007735-T1
OG0008993		GBNWO_007736-T1
OG0008994		GBNWO_007737-T1
OG0008995		GBNWO_007739-T1
OG0008996		GBNWO_007751-T1
OG0008997		GBNWO_007757-T1
OG0008998		GBNWO_007763-T1
OG0008999		GBNWO_007765-T1
OG0009000		GBNWO_007766-T1
OG0009001		GBNWO_007804-T1
OG0009002		GBNWO_007805-T1
OG0009003		GBNWO_007819-T1
OG0009004		GBNWO_007831-T1
OG0009005		GBNWO_007835-T1
OG0009006		GBNWO_007836-T1
OG0009007		GBNWO_007852-T1
OG0009008		GBNWO_007870-T1
OG0009009		GBNWO_007882-T1
OG0009010		GBNWO_007955-T1
OG0009011		GBNWO_007959-T1
OG0009012		GBNWO_007966-T1
OG0009013		GBNWO_008010-T1
OG0009014		GBNWO_008011-T1
OG0009015		GBNWO_008012-T1
OG0009016		GBNWO_008023-T1
OG0009017		GBNWO_008025-T1
OG0009018		GBNWO_008048-T1
OG0009019		GBNWO_008066-T1
OG0009020		GBNWO_008088-T1
OG0009021		GBNWO_008095-T1
OG0009022		GBNWO_008116-T1
OG0009023		GBNWO_008122-T1
OG0009024		GBNWO_008131-T1
OG0009025		GBNWO_008135-T1
OG0009026		GBNWO_008138-T1
OG0009027		GBNWO_008143-T1
OG0009028		GBNWO_008146-T1
OG0009029		GBNWO_008147-T1
OG0009030		GBNWO_008151-T1
OG0009031		GBNWO_008156-T1
OG0009032		GBNWO_008175-T1
OG0009033		GBNWO_008186-T1
OG0009034		GBNWO_008201-T1
OG0009035		GBNWO_008218-T1
OG0009036		GBNWO_008244-T1
OG0009037		GBNWO_008252-T1
OG0009038		GBNWO_008262-T1
OG0009039		GBNWO_008264-T1
OG0009040		GBNWO_008265-T1
OG0009041		GBNWO_008304-T1
OG0009042		GBNWO_008309-T1
OG0009043		GBNWO_008314-T1
OG0009044		GBNWO_008318-T1
OG0009045		GBNWO_008321-T1
OG0009046		GBNWO_008322-T1
OG0009047		GBNWO_008323-T1
OG0009048		GBNWO_008335-T1
OG0009049		GBNWO_008343-T1
OG0009050		GBNWO_008356-T1
OG0009051		GBNWO_008359-T1
OG0009052		GBNWO_008360-T1
OG0009053		GBNWO_008391-T1
OG0009054		GBNWO_008419-T1
OG0009055		GBNWO_008444-T1
OG0009056		GBNWO_008445-T1
OG0009057		GBNWO_008449-T1
OG0009058		GBNWO_008453-T1
OG0009059		GBNWO_008469-T1
OG0009060		GBNWO_008492-T1
OG0009061		GBNWO_008512-T1
OG0009062		GBNWO_008513-T1
OG0009063		GBNWO_008529-T1
OG0009064		GBNWO_008531-T1
OG0009065		GBNWO_008565-T1
OG0009066		GBNWO_008589-T1
OG0009067		GBNWO_008592-T1
OG0009068		GBNWO_008635-T1
OG0009069		GBNWO_008649-T1
OG0009070		GBNWO_008659-T1
OG0009071		GBNWO_008668-T1
OG0009072		GBNWO_008671-T1
OG0009073		GBNWO_008692-T1
OG0009074		GBNWO_008726-T1
OG0009075		GBNWO_008730-T1
OG0009076		GBNWO_008741-T1
OG0009077		GBNWO_008750-T1
OG0009078		GBNWO_008755-T1
OG0009079		GBNWO_008768-T1
OG0009080		GBNWO_008785-T1
OG0009081		GBNWO_008824-T1
OG0009082		GBNWO_008846-T1
OG0009083		GBNWO_008853-T1
OG0009084		GBNWO_008855-T1
OG0009085		GBNWO_008856-T1
OG0009086		GBNWO_008871-T1
OG0009087		GBNWO_008890-T1
OG0009088		GBNWO_008895-T1
OG0009089		GBNWO_008968-T1
OG0009090		GBNWO_008971-T1
OG0009091		GBNWO_008974-T1
OG0009092		GBNWO_008976-T1
OG0009093		GBNWO_008988-T1
OG0009094		GBNWO_008999-T1
OG0009095		GBNWO_009031-T1
OG0009096		GBNWO_009038-T1
OG0009097		GBNWO_009054-T1
OG0009098		GBNWO_009057-T1
OG0009099		GBNWO_009074-T1
OG0009100		GBNWO_009097-T1
OG0009101		GBNWO_009101-T1
OG0009102		GBNWO_009118-T1
OG0009103		GBNWO_009119-T1
OG0009104		GBNWO_009125-T1
OG0009105		GBNWO_009141-T1
OG0009106		GBNWO_009149-T1
OG0009107		GBNWO_009166-T1
OG0009108		GBNWO_009167-T1
OG0009109		GBNWO_009171-T1
OG0009110		GBNWO_009172-T1
OG0009111		GBNWO_009173-T1
OG0009112		GBNWO_009177-T1
OG0009113		GBNWO_009201-T1
OG0009114		GBNWO_009202-T1
OG0009115		GBNWO_009204-T1
OG0009116		GBNWO_009230-T1
OG0009117		GBNWO_009234-T1
OG0009118		GBNWO_009245-T1
OG0009119		GBNWO_009267-T1
OG0009120		GBNWO_009270-T1
OG0009121		GBNWO_009282-T1
OG0009122		GBNWO_009300-T1
OG0009123		GBNWO_009320-T1
OG0009124		GBNWO_009331-T1
OG0009125		GBNWO_009333-T1
OG0009126		GBNWO_009352-T1
OG0009127		GBNWO_009357-T1
OG0009128		GBNWO_009366-T1
OG0009129		GBNWO_009386-T1
OG0009130		GBNWO_009395-T1
OG0009131		GBNWO_009412-T1
OG0009132		GBNWO_009428-T1
OG0009133		GBNWO_009435-T1
OG0009134		GBNWO_009440-T1
OG0009135		GBNWO_009449-T1
OG0009136		GBNWO_009450-T1
OG0009137		GBNWO_009458-T1
OG0009138		GBNWO_009461-T1
OG0009139		GBNWO_009471-T1
OG0009140		GBNWO_009472-T1
OG0009141		GBNWO_009477-T1
OG0009142		GBNWO_009481-T1
OG0009143		GBNWO_009499-T1
OG0009144		GBNWO_009507-T1
OG0009145		GBNWO_009510-T1
OG0009146		GBNWO_009525-T1
OG0009147		GBNWO_009560-T1
OG0009148		GBNWO_009575-T1
OG0009149		GBNWO_009576-T1
OG0009150		GBNWO_009579-T1
OG0009151		GBNWO_009580-T1
OG0009152		GBNWO_009599-T1
OG0009153		GBNWO_009619-T1
OG0009154		GBNWO_009629-T1
OG0009155		GBNWO_009637-T1
OG0009156		GBNWO_009647-T1
OG0009157		GBNWO_009651-T1
